0.0,0.0,0.159788016313,0.319532155623,0.476778410896,0.633854498505,0.78631629879,0.938536264501,1.08337659168,1.22784791693,1.36343212367,1.49859027068,1.62190904691,1.74467662457,1.85492869045,1.96448313932,2.05851118504,2.15194266337,2.22976809775,2.30686324954,2.36581678109,2.42400665184,2.46426936579,2.50349161873,2.52371608043,2.54296010409,2.54257179502,2.54119908762,2.52107012134,2.50009159862,2.45999926605,2.41910567994,2.36031712195,2.30076012652,2.22362810112,2.14575890086,2.05211291308,1.95778280032,1.84842991587,1.73848766365,1.61585880049,1.49268974409,1.3580031527,1.22287236118,1.07888795086,0.934552833764,0.782945087195,0.631096630448,0.474719374482,0.318177774131,0.159109360212,-8.16243475082e-16,-0.159099315153,-0.318153868203,-0.474742662053,-0.631178406216,-0.78294978725,-0.934479242384,-1.07893296348,-1.22304508456,-1.35801512552,-1.49247867182,-1.61584502558,-1.73870230579,-1.84842418742,-1.95761757075,-2.05216036295,-2.14603729192,-2.22364503758,-2.30054455715,-2.36041248168,-2.41949395864,-2.46011110813,-2.49987928447,-2.52112227482,-2.54153247217,-2.54249053829,-2.54272004357,-2.52346530606,-2.50323084616,-2.46436242233,-2.42442077345,-2.36581112254,-2.30663652469,-2.22984413777,-2.15224450982,-2.05869099823,-1.96425409989,-1.8549338449,-1.74493728459,-1.62190825319,-1.49848878567,-1.36346232438,-1.22798645644,-1.0833750952,-0.938498471877,-0.78632686846,-0.633902837766,-0.476796463126,-0.319525137125,-0.159785192595,1.63959199734e-15
0.4,0.0,0.161730547428,0.323373063551,0.482478110326,0.641350790856,0.795120839872,0.948552030329,1.09455150061,1.2400431328,1.3760164345,1.51136706133,1.63487002589,1.75759388751,1.86713946024,1.97578030157,2.06922934699,2.16172837941,2.23792987319,2.31284470548,2.37067419438,2.42721187729,2.46491019621,2.50086593014,2.51848771441,2.53422059346,2.5316814406,2.52737907316,2.50501982329,2.48127799758,2.43961127531,2.39673152945,2.33650776582,2.27520949504,2.19746612998,2.11881168774,2.02491937557,1.93028882686,1.82159430975,1.71229773868,1.59069324702,1.4685955979,1.33576615314,1.20251507255,1.06055510166,0.918310763694,0.769413655519,0.620338104371,0.466527015608,0.312609695795,0.156325251471,-8.02088013391e-16,-0.156311419973,-0.312579877474,-0.466506177823,-0.620305005422,-0.769435962624,-0.91844020848,-1.06058770761,-1.20247941674,-1.3357157904,-1.4685955979,-1.59070793815,-1.71232772211,-1.82156460339,-1.93019542639,-2.02496017196,-2.11889723485,-2.19748160343,-2.27515695629,-2.33643401644,-2.39674386443,-2.43953470992,-2.48116281581,-2.50496657955,-2.52743961193,-2.53172627521,-2.53422059346,-2.51857932857,-2.50085100686,-2.46493287314,-2.42721187729,-2.37059294495,-2.31276963816,-2.23785667237,-2.16174962631,-2.06919649552,-1.97573880925,-1.86723326672,-1.75785356263,-1.634911109,-1.51130295704,-1.37597035448,-1.2399293405,-1.09448133844,-0.948612843171,-0.795097810024,-0.641295825203,-0.48244678258,-0.323373063551,-0.161730547428,1.65993688184e-15
0.8,0.0,0.164364043242,0.328537038043,0.489915727027,0.65082735813,0.806568659623,0.961433496569,1.1088024743,1.25517374996,1.39185154886,1.52721144078,1.65105509488,1.7732978154,1.88223782865,1.98930199477,2.08188621325,2.17225786986,2.24692293108,2.31920242916,2.37517006014,2.42832093724,2.46399508356,2.49635184712,2.51182016697,2.52402994137,2.51925521954,2.51210902157,2.48785799092,2.46131693063,2.41805744401,2.37282839145,2.31151403936,2.2484457175,2.17037467832,2.09069219561,1.99662501787,1.90182928418,1.79384847595,1.68528297455,1.56486479029,1.44403007344,1.31306334802,1.18174574023,1.04206534566,0.902182462055,0.755748102826,0.609199456723,0.458158320518,0.307050651989,0.153541898624,-7.8795098051e-16,-0.15354290329,-0.307072192959,-0.458157641644,-0.609173973121,-0.755721801633,-0.902163539557,-1.04207338447,-1.181758184,-1.31304416275,-1.44400344209,-1.56487801209,-1.68528297455,-1.79384847595,-1.90182928418,-1.99662501787,-2.09069219561,-2.17041593451,-2.24852640579,-2.3115076775,-2.37281539728,-2.41805218029,-2.46122542348,-2.48770455725,-2.51218083766,-2.51933980693,-2.52412736167,-2.51186890085,-2.49635184712,-2.46394664804,-2.42822396639,-2.37512149946,-2.31920242916,-2.24692293108,-2.17225786986,-2.08190753382,-1.98938750541,-1.88225929545,-1.7732978154,-1.65106626282,-1.52723326839,-1.39186223327,-1.25517374996,-1.1088024743,-0.961433496569,-0.806575818964,-0.650842006862,-0.489926460187,-0.328514746866,-0.164359735304,1.68693279186e-15
1.2000000000000002,0.0,0.166914296378,0.333532876,0.497218979847,0.660169474199,0.817793548757,0.974096599132,1.12306566081,1.27002632867,1.40765640816,1.54283049328,1.66712262134,1.78819677796,1.89659245036,2.00221070936,2.0937479234,2.18197178338,2.25514989127,2.32472353266,2.3786521578,2.42858565388,2.46219074862,2.49095726388,2.50365832593,2.51316002993,2.5061340188,2.49593903468,2.46972551125,2.44059559177,2.3958659283,2.34824044208,2.28544315499,2.22130393675,2.14233389522,2.06218121379,1.96827998969,1.87341436776,1.76612913527,1.65805569631,1.53873225544,1.41940881457,1.29010984024,1.16081086592,1.02333892801,0.885866990098,0.741997379899,0.5981277697,0.449847254344,0.301566738987,0.150783369494,-7.73804800949e-16,-0.150800534582,-0.301601069164,-0.449877247696,-0.598153426229,-0.741994346225,-0.885835266221,-1.02333848273,-1.16084169924,-1.29012525691,-1.41940881457,-1.53875286622,-1.65809691786,-1.76609523604,-1.87330564522,-1.9682257165,-2.06218121379,-2.14233389522,-2.22130393675,-2.28544315499,-2.34824044208,-2.39578309965,-2.44059559177,-2.4697258398,-2.4959396916,-2.50613434725,-2.51316002993,-2.50365832593,-2.49095726388,-2.46219074862,-2.42863778354,-2.37869786475,-2.32476611771,-2.25518064651,-2.18198786228,-2.09375424416,-2.00225474647,-1.89663408861,-1.78811696813,-1.66706281123,-1.54283049328,-1.40765640816,-1.27002632867,-1.12306566081,-0.974119273531,-0.817793548757,-0.660169474199,-0.497218979847,-0.333524971811,-0.166914296378,1.71386562545e-15
1.6,0.0,0.16946862627,0.338529381576,0.504499544708,0.669433730738,0.828916141641,0.986670822195,1.13688255768,1.28462057615,1.42294712546,1.55806309639,1.68241641753,1.80273918374,1.91106594457,2.01459743581,2.10491081642,2.19100416263,2.26248345362,2.32935263785,2.38125912532,2.42788450411,2.45915374684,2.48457991658,2.49497260974,2.50129387414,2.49226577115,2.47905838192,2.45094241075,2.41882587572,2.37191055731,2.32302178285,2.25921578248,2.19367729338,2.11349333268,2.03330937198,1.9389214461,1.84453352022,1.73759802069,1.63066252116,1.39464266343,1.13981859403,0.869502023834,0.587049870961,0.296035588663,-7.59661160308e-16,-0.296030418276,-0.587066392852,-0.869481208315,-1.13981859403,-1.39460236569,-1.63066252116,-1.73759782734,-1.84453313353,-1.93888980915,-2.03324648478,-2.11341930356,-2.19359212234,-2.25918244576,-2.3230403212,-2.37196029279,-2.41890671747,-2.4509828198,-2.47905838192,-2.49212688533,-2.50129387414,-2.49501899332,-2.48467271282,-2.45920019107,-2.42788450411,-2.38125912532,-2.32935263785,-2.2624609827,-2.19095912115,-2.10488823044,-2.0145524973,-1.91104683109,-1.80270072683,-1.68239705596,-1.55806309639,-1.42297381366,-1.28453941758,-1.13688892262,-0.986694697724,-0.828947193777,-0.669417336275,-0.504499544708,-0.338537757611,-0.16946862627,1.74063706243e-15
2.0,0.0,0.172064172289,0.34352524135,0.511859791916,0.67869326549,0.840168111597,0.999058809356,1.15049421042,1.29891338067,1.43791492282,1.57298287313,1.69725646806,1.81676714445,1.92445802321,2.02653722239,2.11613380978,2.19922963255,2.26908766827,2.33322569138,2.38291845622,2.42637611754,2.455121836,2.47723853726,2.48539159629,2.48851948623,2.47723724813,2.4610395647,2.4301770485,2.39659703854,2.34814147338,2.29726216377,2.23138848788,2.165514812,2.00397959638,1.8155977374,1.60315948889,1.36987942918,1.11882632436,0.853156500602,0.57594698081,0.29048238943,-7.45505096513e-16,-0.29048238943,-0.575975927718,-0.853156500602,-1.11885490024,-1.36987924692,-1.60311645078,-1.8155977374,-2.00397918192,-2.16549503642,-2.23137860009,-2.29726216377,-2.34810258721,-2.39651928645,-2.43005600735,-2.46095830448,-2.47728119115,-2.48860737235,-2.48543555279,-2.47723853726,-2.45521484425,-2.42637466931,-2.38291773222,-2.33327508017,-2.26908766827,-2.19922963255,-2.11613380978,-2.02653722239,-1.92445802321,-1.81676714445,-1.69725646806,-1.57298287313,-1.43790021616,-1.29888363032,-1.15047826814,-0.999055916945,-0.840155858292,-0.67867644516,-0.511859028085,-0.343521894856,-0.172061598916,1.76759890945e-15
2.4000000000000004,0.0,0.17460789235,0.34849682664,0.519056841187,0.687843223766,0.851109573417,1.01145390589,1.16437260288,1.31323295823,1.45312514411,1.58754829286,1.71172429852,1.83036800959,1.93732357473,2.03783721514,2.12603915782,2.20729982534,2.27577009215,2.33622850325,2.38371513782,2.42387800786,2.45043251352,2.46922979102,2.47502232489,2.47511294674,2.46159615694,2.44236802681,2.40951206186,2.37354134822,2.3221696191,2.27079788999,2.13681786718,1.97429020825,1.78620751186,1.57547313897,1.34495576188,1.09772153147,0.836772098522,0.564851535076,0.284915448252,-7.31345535514e-16,-0.284912750324,-0.564851535076,-0.836772098522,-1.09772153147,-1.34498674139,-1.57547313897,-1.78620751186,-1.97423949678,-2.13681710531,-2.27087636571,-2.32220885696,-2.37354134822,-2.40947213528,-2.44228818397,-2.46155623548,-2.47511294674,-2.47502197992,-2.46922910088,-2.45043216811,-2.42387800786,-2.38371513782,-2.33622850325,-2.2748099027,-2.20675936265,-2.12592508974,-2.03783721514,-1.93728013617,-1.83036800959,-1.71174563571,-1.58751175243,-1.45308833187,-1.31323295823,-1.16435877324,-1.01145210822,-0.85109542478,-0.687843688064,-0.519056841187,-0.34849682664,-0.174612290738,1.79440848675e-15
2.8000000000000003,0.0,0.177128652484,0.353429941865,0.526185226293,0.69692246752,0.861946597393,1.02365017988,1.17770208089,1.32717511539,1.46755318735,1.60213459198,1.72637015762,1.84354071081,1.94949130714,2.04855219571,2.13530063067,2.21430730644,2.28069929343,2.33841065249,2.38342766302,2.42056644381,2.44458305214,2.4603295586,2.46370869679,2.46037177533,2.44352201402,2.42285198378,2.38633209565,2.34981220753,2.29680559173,2.24379897594,2.10766800945,1.94423799997,1.75651546382,1.54748233644,1.31997436367,1.07674791346,0.820434347971,0.553792545284,0.279381374978,-7.17201960836e-16,-0.279368729009,-0.553801423204,-0.820414534594,-1.07670730268,-1.31997436367,-1.54748233644,-1.75651546382,-1.94428308449,-2.10772007041,-2.24379897594,-2.29680559173,-2.34981220753,-2.38633209565,-2.42285198378,-2.44352201402,-2.46037177533,-2.46370869679,-2.46026171768,-2.44467307506,-2.42056644381,-2.38342737015,-2.3384100658,-2.28066997848,-2.21426093469,-2.13527949882,-2.0485011977,-1.94949207267,-1.84354071081,-1.7263884405,-1.60217266531,-1.46757246649,-1.32719402616,-1.17770208089,-1.02362479874,-0.861940039859,-0.696950302914,-0.526210819168,-0.353430580052,-0.177123726464,1.82115538255e-15
3.2,0.0,0.179723422141,0.358331055996,0.533255798724,0.705962932714,0.87266310731,1.03570163154,1.19084017538,1.3409359874,1.48168188857,1.61611554205,1.73998452866,1.85625291232,1.96126087821,2.05859153452,2.14372668612,2.22055931201,2.28484720443,2.33977257215,2.38234323719,2.41633790778,2.43782426475,2.45031219034,2.45127372287,2.44485088705,2.42581028589,2.40254367555,2.36391720812,2.3252907407,2.21613007174,2.07798988499,1.9138234802,1.72681398281,1.51951223525,1.29492214227,1.05566982412,0.804134028928,0.542727742771,0.273834944339,-7.03068629761e-16,-0.273831294939,-0.542745569176,-0.804123398822,-1.05566982412,-1.29492214227,-1.51951223525,-1.72676995131,-1.91374352764,-2.07798988499,-2.21612840142,-2.32528747719,-2.36392217779,-2.4025568784,-2.42587489051,-2.44485088705,-2.45127372287,-2.45031219034,-2.43780503373,-2.4164274988,-2.38241424055,-2.33979773944,-2.28488340162,-2.22057013393,-2.14377359788,-2.05859153452,-1.9611913776,-1.85616735474,-1.73998452866,-1.61611554205,-1.48168188857,-1.3409359874,-1.19084017538,-1.03567523994,-0.87266330615,-0.705962932714,-0.533268570128,-0.35833036327,-0.179728277192,1.8478701296e-15
3.6,0.0,0.182251550122,0.363300510481,0.540564224283,0.7150792722,0.883587793968,1.04759469954,1.2037229046,1.35442214147,1.49547348654,1.62978391061,1.75333206239,1.8689906731,1.97304833749,2.06809521198,2.15149102897,2.22610964476,2.28813296281,2.34029875873,2.38034460468,2.41129077553,2.43013212531,2.43949810822,2.43808019615,2.42856248213,2.40738637544,2.38138406201,2.3407256696,2.3000672772,2.18767686939,2.04762516993,1.88300625228,1.69674580176,1.49141721671,1.26991654573,1.03461213329,0.787705691224,0.531608366131,0.268297938065,-6.8893656331e-16,-0.268295239578,-0.531569645584,-0.787700170409,-1.03458690844,-1.26991654573,-1.49146080487,-1.69669109021,-1.88300625228,-2.04762516993,-2.18767686939,-2.3000672772,-2.3407256696,-2.38138406201,-2.40738637544,-2.42856248213,-2.43808019615,-2.43949810822,-2.43013212531,-2.41130386093,-2.38024949895,-2.34025359549,-2.28813647291,-2.22615754068,-2.15149151268,-2.0680948031,-1.97306784382,-1.86903431751,-1.75336886732,-1.62982396336,-1.4954778428,-1.35445013265,-1.20370642971,-1.04756075967,-0.88356170315,-0.715059890684,-0.540553989369,-0.363300510481,-0.182251550122,1.87451358179e-15
4.0,0.0,0.184754536271,0.368187850889,0.547590049004,0.724039315594,0.894204073137,1.05966675391,1.21684611478,1.36771774258,1.50892600415,1.6430500595,1.76606068258,1.88083688246,1.98355383377,2.07695899059,2.15864833587,2.23103009611,2.29069347365,2.33999724435,2.37743299943,2.40544184574,2.42160060873,2.42787159868,2.42397554697,2.41131365212,2.3852896175,2.35926558288,2.27403174564,2.15880308965,2.01708334019,1.85200207026,1.66636994326,1.46303764234,1.24464206455,1.01346516935,0.771427908162,0.520592354729,0.262762042793,-6.74779928925e-16,-0.262762042793,-0.520592354729,-0.771402890398,-1.01347504166,-1.24464206455,-1.46303764234,-1.66636994326,-1.85200448576,-2.01708334019,-2.1588925203,-2.27408540425,-2.35926558288,-2.3852896175,-2.41131365212,-2.42397554697,-2.42787159868,-2.42151378923,-2.40544184574,-2.37741007396,-2.33995132147,-2.29062600717,-2.23103009611,-2.1586073157,-2.07692891968,-1.98356180667,-1.88083688246,-1.76606795361,-1.64305077167,-1.50892907892,-1.36768230524,-1.21684611478,-1.05960887888,-0.89417922882,-0.72401928577,-0.547590049004,-0.368187850889,-0.184754536271,1.90104561703e-15
4.4,0.0,0.187246706646,0.37303904404,0.554552902923,0.732860606606,0.904574474759,1.0713426548,1.2295808366,1.38123003938,1.52263699789,1.65602697855,1.77846759721,1.89230803427,1.99402711852,2.08620043674,2.16574659834,2.23507573453,2.29220790197,2.33869777672,2.37345082708,2.39860856391,2.41198244617,2.41516713522,2.40885845804,2.39325455702,2.3648402401,2.33642592317,2.24722476565,2.1293293116,1.98604175256,1.8205319692,1.63580238105,1.43472372852,1.2195033469,0.992264591716,0.755094934992,0.509516354837,0.257206093943,-6.60631326133e-16,-0.257206093943,-0.509516172832,-0.755094934992,-0.992338772606,-1.21947751189,-1.43472372852,-1.63581465686,-1.82049264262,-1.98604175256,-2.12925019097,-2.24727258561,-2.33648110355,-2.36486783029,-2.39325455702,-2.40890135919,-2.41525293899,-2.41202539274,-2.39860856391,-2.37345082708,-2.33869777672,-2.29220790197,-2.23506285677,-2.16569978597,-2.08620043674,-1.99401283594,-1.89231505456,-1.7784334784,-1.65599243219,-1.52263699789,-1.38123003938,-1.2295808366,-1.07134153829,-0.904569112835,-0.732885303721,-0.554565605582,-0.37303904404,-0.187246706646,1.92747033685e-15
4.800000000000001,0.0,0.189722958864,0.37786393418,0.561457722456,0.741638252254,0.914845257075,1.08282938048,1.2418949682,1.39403276688,1.53545160432,1.66856796335,1.79028230644,1.90310499945,2.00341856245,2.09391274481,2.17131461096,2.23837179236,2.29288498025,2.33649203936,2.36861414603,2.39088395732,2.40151982012,2.40053701269,2.39070397305,2.37416442036,2.3434255119,2.31268660343,2.21977544543,2.09922379874,1.95443640786,1.78866555352,1.6051012275,1.40617755153,1.19420379761,0.971179402024,0.738759446461,0.498458665159,0.251657506176,-6.46401139751e-16,-0.251657506176,-0.498441531159,-0.738734996832,-0.971179402024,-1.19419628741,-1.40611511602,-1.60505013062,-1.78865309501,-1.95430545616,-2.09916339606,-2.21977544543,-2.31268001455,-2.34345427756,-2.37422854057,-2.39073603699,-2.40053701269,-2.40142439368,-2.39081726544,-2.36864373984,-2.3365146659,-2.29294820696,-2.23846716663,-2.1714039435,-2.09391274481,-2.00341856245,-1.90309916588,-1.79028230644,-1.66852507663,-1.53540367394,-1.39399611424,-1.24188062935,-1.08282938048,-0.914836448,-0.741638252254,-0.561457722456,-0.37786393418,-0.189728727239,1.95381531683e-15
5.2,0.0,0.192312232561,0.382676876601,0.568313430546,0.750326157111,0.925023698651,1.09419010203,1.25399304045,1.40670178981,1.5484015914,1.68145751644,1.80225011572,1.91345972855,2.01229294913,2.10095408962,2.17620682645,2.24107180667,2.29356738344,2.33508277376,2.36381962468,2.38223443487,2.38991592809,2.38580852718,2.37357833919,2.3542107013,2.28811648074,2.1916299667,2.06834681486,1.92225845026,1.75674002827,1.57510228402,1.38063340202,1.17655002707,0.963510288953,0.736251352498,0.497381292398,0.250667232195,-6.43251023151e-16,-0.250667232195,-0.497381292398,-0.736251352498,-0.963510288953,-1.17655002707,-1.38069826472,-1.57517034861,-1.75685687525,-1.92239086818,-2.06849255594,-2.19169390807,-2.28821654333,-2.35432280726,-2.37367339404,-2.38588027,-2.3899586209,-2.38224460323,-2.3638568756,-2.33503486718,-2.29349823951,-2.24107180667,-2.17625356323,-2.10096236606,-2.01234089393,-1.91345932223,-1.8022050048,-1.68145751644,-1.5484015914,-1.40670247931,-1.25399304045,-1.09419010203,-0.924996544749,-0.750327075655,-0.568313430546,-0.382676876601,-0.192309320346,1.98075804387e-15
5.6000000000000005,0.0,0.194798086458,0.387581028432,0.575361384285,0.758936570208,0.935019585985,1.10540549246,1.26591300675,1.41902357899,1.56060390468,1.69322879129,1.81306816025,1.923257205,2.02058131824,2.10735267131,2.18040694899,2.24283798947,2.29260342925,2.33131257017,2.35709526616,2.37266531483,2.37747688184,2.37022940434,2.35563168305,2.33340575452,2.26278483319,2.16273153032,2.03738614344,1.89100697509,1.72813785611,1.55317006871,1.36996755055,1.17557409258,0.963510288953,0.736251352498,0.497381292398,0.250667232195,-6.43251023151e-16,-0.250667232195,-0.497381292398,-0.736251352498,-0.963510288953,-1.17557409258,-1.36996755055,-1.55322653715,-1.72813785611,-1.89101885024,-2.03745668237,-2.16278294177,-2.26269250979,-2.33325853726,-2.35559159335,-2.37020058749,-2.37747270984,-2.37266922486,-2.35717014418,-2.33139142431,-2.29271750491,-2.24288780078,-2.18045446761,-2.10739989831,-2.02058131824,-1.923257205,-1.81306816025,-1.69322879129,-1.56060390468,-1.4189837098,-1.26587670523,-1.10537499195,-0.935019585985,-0.758936293871,-0.575361384285,-0.387568953375,-0.194798086458,2.00703099696e-15
6.0,0.0,0.197266249524,0.392367784453,0.582242891707,0.767716430967,0.945250696846,1.11641835956,1.27763795618,1.43108737602,1.57267552241,1.70512050244,1.82449819405,1.93344595242,2.02865636846,2.11306924519,2.18377641793,2.24380061924,2.29084815664,2.32653996785,2.34946793196,2.36218963067,2.36399971959,2.3537048573,2.33678829146,2.31161548727,2.23668142569,2.1334736066,2.0071990735,1.86319677798,1.70691977255,1.54268679061,1.36909839051,1.17557409258,0.963510288953,0.736251352498,0.497381292398,0.250667232195,-6.43251023151e-16,-0.250667232195,-0.497381292398,-0.736251352498,-0.963510288953,-1.17557409258,-1.36909839051,-1.54268679061,-1.70691977255,-1.86314278593,-2.00723473956,-2.1334736066,-2.23668630365,-2.31170108794,-2.33683860528,-2.35364770431,-2.36395114026,-2.36211826375,-2.34946793196,-2.32653996785,-2.29076817377,-2.24376745098,-2.1837292003,-2.11306924519,-2.02865636846,-1.93344595242,-1.82449819405,-1.70512050244,-1.57265664178,-1.43112827528,-1.27763795618,-1.11641835956,-0.945280590196,-0.7677402853,-0.582257910257,-0.392366601193,-0.197262227611,2.03337033951e-15
6.4,0.0,0.19970280303,0.397118641306,0.589020289406,0.776358097031,0.955429745688,1.12773468567,1.28942321907,1.44287887687,1.58420988018,1.71619350114,1.83458632592,1.94222382907,2.03582521209,2.11872029749,2.18784812845,2.24524549583,2.28864570873,2.32104269407,2.34005397693,2.34851825181,2.34826875558,2.33606355927,2.31685064713,2.28888311641,2.20993025863,2.10473380605,1.97948702816,1.84079752798,1.69378471271,1.54103118897,1.36909839051,1.17557409258,0.963510288953,0.736251352498,0.497381292398,0.250667232195,-6.43251023151e-16,-0.250667232195,-0.497381292398,-0.736251352498,-0.963510288953,-1.17557409258,-1.36909839051,-1.54103118897,-1.69378471271,-1.84080749749,-1.97947489492,-2.10473380605,-2.20993025863,-2.28893749318,-2.31687401486,-2.33610636036,-2.3482279943,-2.34844434602,-2.3399652865,-2.32104269407,-2.28864570873,-2.24524549583,-2.18784812845,-2.11872029749,-2.03582521209,-1.94222382907,-1.83458835916,-1.71620732774,-1.5842158818,-1.4428859559,-1.28953657525,-1.12776840657,-0.955459410659,-0.776364002439,-0.589031104416,-0.397135331134,-0.199709415803,2.05951100543e-15
6.800000000000001,0.0,0.202140305328,0.401835900313,0.595710421042,0.784787475649,0.965136926277,1.13844424177,1.30073768412,1.45441061109,1.5955418261,1.72691508041,1.84419375575,1.95044042055,2.04225102431,2.12308214313,2.18984064445,2.24448613666,2.2850574776,2.31446372278,2.33020649233,2.33581830916,2.33286745002,2.31762946274,2.29168770589,2.26574594903,2.18370844005,2.07857875105,1.95748300025,1.82690906077,1.68998042845,1.54103118897,1.36909839051,1.17557409258,0.963510288953,0.736251352498,0.497381292398,0.250667232195,-6.43251023151e-16,-0.250667232195,-0.497381292398,-0.736251352498,-0.963510288953,-1.17557409258,-1.36909839051,-1.54103118897,-1.68998042845,-1.82690906077,-1.95748300025,-2.07857524702,-2.18370844005,-2.26574594903,-2.29166804166,-2.31759013428,-2.33283226594,-2.3358402822,-2.33023674907,-2.31446372278,-2.2850280591,-2.24445741026,-2.18983009778,-2.12309942571,-2.04220484436,-1.95033326635,-1.8441431631,-1.72691370546,-1.59549887653,-1.45441431478,-1.30071221031,-1.13844540745,-0.965125678831,-0.784774851659,-0.595710421042,-0.401835900313,-0.202140305328,2.08552965615e-15
7.2,0.0,0.204551720675,0.406517370824,0.602322806542,0.793123604981,0.974891001835,1.14941352118,1.31241100151,1.46616549565,1.60675328709,1.73719937771,1.8532870407,1.95799120928,2.04793457972,2.12678100709,2.19099215199,2.24281150458,2.28060046845,2.30695513661,2.31947330357,2.32230618972,2.31643926118,2.29822862645,2.27014535981,2.24206209317,2.15805911849,2.05441814876,1.93876311064,1.81626313391,1.688661005,1.54103118897,1.36909839051,1.17557409258,0.963510288953,0.736251352498,0.497381292398,0.250667232195,-6.43251023151e-16,-0.250667232195,-0.497381292398,-0.736251352498,-0.963510288953,-1.17557409258,-1.36909839051,-1.54103118897,-1.688661005,-1.81626313391,-1.93873497743,-2.054365339,-2.15805911849,-2.24205684201,-2.2701379772,-2.29821911239,-2.31643451631,-2.32230618972,-2.31947330357,-2.30695513661,-2.28056312284,-2.24280207588,-2.19099051127,-2.12678100709,-2.04796341806,-1.95798929837,-1.85323828162,-1.73719937771,-1.60677369909,-1.46618743694,-1.31237335195,-1.14935847866,-0.974850271153,-0.793123468127,-0.602311718908,-0.406509252285,-0.204547790981,2.11143045094e-15
7.6000000000000005,0.0,0.206959737017,0.411175228254,0.608888877569,0.80137083401,0.984354893153,1.15982984824,1.32325690923,1.47710972104,1.61737808842,1.7471020051,1.86191731867,1.96506333247,2.0531569746,2.12990154155,2.19146789677,2.24037227986,2.27530468153,2.29853266845,2.30779145289,2.30790544236,2.29931298029,2.27845749303,2.24877099438,2.21908449572,2.13518084437,2.03536866608,1.92668591062,1.81239918517,1.688661005,1.54103118897,1.36909839051,1.17557409258,0.963510288953,0.736251352498,0.497381292398,0.250667232195,-6.43251023151e-16,-0.250667232195,-0.497381292398,-0.736251352498,-0.963510288953,-1.17557409258,-1.36909839051,-1.54103118897,-1.688661005,-1.81239918517,-1.92668591062,-2.03535354006,-2.13510828263,-2.21908449572,-2.24877099438,-2.27845749303,-2.29931571812,-2.30786540105,-2.30777843781,-2.29851530828,-2.27529498495,-2.24036758553,-2.19151901807,-2.12990154155,-2.0531569746,-1.96506333247,-1.86190640726,-1.74707061931,-1.61734088258,-1.47710972104,-1.32325690923,-1.15982984824,-0.984354893153,-0.801370654306,-0.608888877569,-0.411175228254,-0.206959737017,2.13729435563e-15
8.0,0.0,0.209337078307,0.415788197868,0.615397671453,0.809543161764,0.993720431615,1.17007985128,1.3338685053,1.48775829727,1.62756894831,1.75660861091,1.87054266744,1.97281144091,2.05908352148,2.13284266459,2.19123745482,2.23691345822,2.2690123671,2.28921065911,2.295252023,2.29262278236,2.28131431609,2.25815846266,2.19630637287,2.11356443953,2.0185641053,1.91686159174,1.81010149226,1.688661005,1.54103118897,1.36909839051,1.17557409258,0.963510288953,0.736251352498,0.497381292398,0.250667232195,-6.43251023151e-16,-0.250667232195,-0.497381292398,-0.736251352498,-0.963510288953,-1.17557409258,-1.36909839051,-1.54103118897,-1.688661005,-1.81010149226,-1.91684886347,-2.01862848519,-2.11358109391,-2.19627612658,-2.25809243976,-2.28133710153,-2.29262278236,-2.29523182835,-2.2892195528,-2.26911001429,-2.23701194789,-2.19129436937,-2.13288586805,-2.05917058419,-1.97293541605,-1.87062448328,-1.75664664538,-1.6275812705,-1.48771169788,-1.33382775286,-1.17009870888,-0.993736173999,-0.809529392752,-0.61538713389,-0.415788232297,-0.209337078307,2.16293844704e-15
8.4,0.0,0.211705568537,0.420372905778,0.621823285915,0.817581710401,1.0029617302,1.18026746225,1.34465395963,1.49893418375,1.63831264405,1.76612048,1.87859667407,1.97893571168,2.06303448932,2.13444182938,2.19003582592,2.23274296348,2.2619038992,2.27877922999,2.28168432518,2.27660512919,2.26298265028,2.23782283427,2.17494739098,2.09464193499,2.00494425896,1.90976990098,1.80965962823,1.688661005,1.54103118897,1.36909839051,1.17557409258,0.963510288953,0.736251352498,0.497381292398,0.250667232195,-6.43251023151e-16,-0.250667232195,-0.497381292398,-0.736251352498,-0.963510288953,-1.17557409258,-1.36909839051,-1.54103118897,-1.688661005,-1.80965962823,-1.90976990098,-2.00494425896,-2.0946182412,-2.17495680214,-2.23783821387,-2.26293188584,-2.27665881386,-2.28168665139,-2.27879929815,-2.26192228312,-2.23265398222,-2.18995147872,-2.13439814429,-2.06304215929,-1.97894787237,-1.87860378958,-1.76609776014,-1.63829938684,-1.49892537956,-1.34465395963,-1.18026746225,-1.0029617302,-0.817581710401,-0.621823285915,-0.420372905778,-0.211705568537,2.1885305657e-15
8.8,0.0,0.214249706977,0.424928755501,0.628212534012,0.825557980232,1.01205782149,1.19021754726,1.35489178039,1.50908261051,1.64781439221,1.77464145617,1.88581999941,1.98442778904,2.06622901996,2.13512843895,2.18778121273,2.22751488443,2.25372890783,2.26738803172,2.26729687048,2.26007614993,2.24437855275,2.21822505039,2.15587060243,2.07934444064,1.99534418616,1.90639168387,1.80965962823,1.688661005,1.54103118897,1.36909839051,1.17557409258,0.963510288953,0.736251352498,0.497381292398,0.250667232195,-6.43251023151e-16,-0.250667232195,-0.497381292398,-0.736251352498,-0.963510288953,-1.17557409258,-1.36909839051,-1.54103118897,-1.688661005,-1.80965962823,-1.90639168387,-1.99519787686,-2.07938166769,-2.15594120568,-2.2182925333,-2.24449107574,-2.26008336125,-2.26730265405,-2.26742833762,-2.25374691515,-2.22757994001,-2.1877985919,-2.13512843895,-2.06622901996,-1.98442778904,-1.88584931813,-1.77468969228,-1.64782349109,-1.50910401913,-1.35490319709,-1.19022386455,-1.01207141185,-0.825572284172,-0.628223700966,-0.424932559659,-0.214249641452,2.21478596329e-15
9.200000000000001,0.0,0.216683408927,0.429570053571,0.634801925128,0.833441667097,1.02102322323,1.19993511295,1.36486800062,1.51895405827,1.65698842258,1.78281947196,1.89255230649,1.9892152991,2.06871407422,2.13508177008,2.18469790338,2.22150562991,2.24485528147,2.25531486048,2.25241806253,2.24329801683,2.22605880114,2.1994401536,2.13858296785,2.06619798827,1.98761403523,1.90434814893,1.80965962823,1.688661005,1.54103118897,1.36909839051,1.17557409258,0.963510288953,0.736251352498,0.497381292398,0.250667232195,-6.43251023151e-16,-0.250667232195,-0.497381292398,-0.736251352498,-0.963510288953,-1.17557409258,-1.36909839051,-1.54103118897,-1.688661005,-1.80965962823,-1.90434814893,-1.98769767222,-2.06627675865,-2.13856796323,-2.19946834467,-2.22605183804,-2.24324294495,-2.25239087395,-2.25524378324,-2.24480234252,-2.22151658367,-2.18476855989,-2.1351135657,-2.06875998897,-1.98925843247,-1.892538394,-1.78280179231,-1.65698101409,-1.51893001306,-1.36487943826,-1.19993296938,-1.02099404979,-0.83342715788,-0.634801925128,-0.42956991998,-0.21667938119,2.24071690409e-15
9.600000000000001,0.0,0.219061323629,0.434214552989,0.641340347197,0.84140312919,1.03013872325,1.20948363898,1.3745987285,1.52843380764,1.66576715896,1.79052933683,1.89879145627,1.99352899344,2.07056897142,2.1342606983,2.18085413195,2.21464426778,2.23503186168,2.2422398261,2.23686365121,2.22612632622,2.20766702746,2.18095559737,2.12212348102,2.05405651053,1.98061870545,1.90230461399,1.80965962823,1.688661005,1.54103118897,1.36909839051,1.17557409258,0.963510288953,0.736251352498,0.497381292398,0.250667232195,-6.43251023151e-16,-0.250667232195,-0.497381292398,-0.736251352498,-0.963510288953,-1.17557409258,-1.36909839051,-1.54103118897,-1.688661005,-1.80965962823,-1.90230461399,-1.98061870545,-2.05405651053,-2.12211541715,-2.18097023404,-2.20766702746,-2.22612632622,-2.23686365121,-2.2422398261,-2.23503186168,-2.21467379078,-2.18082621854,-2.13422516317,-2.07053750123,-1.99352899344,-1.89876369813,-1.79052670776,-1.66572244117,-1.52840282311,-1.37459396988,-1.20948363898,-1.03013872325,-0.841403828095,-0.641329545011,-0.434222887908,-0.219073655225,2.2661826519e-15
10.0,0.0,0.221399383659,0.43867955916,0.647540436103,0.84908333314,1.03882681911,1.21882233941,1.38413523782,1.53809060741,1.67521159205,1.79906397852,1.90508739142,1.99725442876,2.0718892407,2.13260842639,2.1760330102,2.20697062027,2.22431794073,2.22858731667,2.22130703521,2.2094530881,2.19039291652,2.16427819522,2.10810875776,2.04430543759,1.97582071531,1.90211883809,1.80965962823,1.688661005,1.54103118897,1.36909839051,1.17557409258,0.963510288953,0.736251352498,0.497381292398,0.250667232195,-6.43251023151e-16,-0.250667232195,-0.497381292398,-0.736251352498,-0.963510288953,-1.17557409258,-1.36909839051,-1.54103118897,-1.688661005,-1.80965962823,-1.90211883809,-1.97582071531,-2.04430543759,-2.10810844663,-2.16427819522,-2.19039291652,-2.2094530881,-2.22130703521,-2.22858731667,-2.22431794073,-2.20697062027,-2.1760330102,-2.13260842639,-2.0718892407,-1.99725442876,-1.90509334908,-1.79902603303,-1.6751660157,-1.53806974089,-1.38414141251,-1.21882367417,-1.03882681911,-0.84908333314,-0.647540436103,-0.43867955916,-0.221399383659,2.2914450073e-15
10.4,0.0,0.223720874724,0.443104210892,0.653686199726,0.856664437173,1.04738857977,1.22802387242,1.39339254186,1.54702945823,1.6832206132,1.80581873469,1.91015313425,2.00015966696,2.07222695228,2.13012023817,2.17040478384,2.19833026346,2.2128528953,2.21441110284,2.20549129455,2.18918810951,2.17278814532,2.14852435245,2.09562762278,2.03614538732,1.97187180084,1.90211883809,1.80965962823,1.688661005,1.54103118897,1.36909839051,1.17557409258,0.963510288953,0.736251352498,0.497381292398,0.250667232195,-6.43251023151e-16,-0.250667232195,-0.497381292398,-0.736251352498,-0.963510288953,-1.17557409258,-1.36909839051,-1.54103118897,-1.688661005,-1.80965962823,-1.90211883809,-1.97187180084,-2.03614538732,-2.09562762278,-2.14852435245,-2.17283267412,-2.18913839306,-2.20544856102,-2.21438479744,-2.21286289805,-2.19830000399,-2.17035629348,-2.13012023817,-2.07224749816,-2.00013959264,-1.91021177747,-1.80580819945,-1.68331894087,-1.54709217006,-1.39338667397,-1.2279954543,-1.04737677665,-0.856649983649,-0.653690717751,-0.443110975808,-0.223719236598,2.31656411585e-15
10.8,0.0,0.226024234789,0.447563194352,0.660024187075,0.864583728516,1.0561646311,1.23713170006,1.40274793948,1.55576901287,1.69102392748,1.81215621027,1.91478027832,2.00244767327,2.07184629515,2.12689967291,2.16393178283,2.18915057376,2.20102635114,2.20035940271,2.19043500947,2.17425939335,2.15478098898,2.1353025846,2.08589139115,2.03046001206,1.97014491323,1.90211883809,1.80965962823,1.688661005,1.54103118897,1.36909839051,1.17557409258,0.963510288953,0.736251352498,0.497381292398,0.250667232195,-6.43251023151e-16,-0.250667232195,-0.497381292398,-0.736251352498,-0.963510288953,-1.17557409258,-1.36909839051,-1.54103118897,-1.688661005,-1.80965962823,-1.90211883809,-1.97024085143,-2.03048573038,-2.08585894588,-2.13536581088,-2.15846087719,-2.17427883554,-2.19043500947,-2.20035940271,-2.20100138764,-2.18915351698,-2.16394695188,-2.12686287582,-2.07179907027,-2.00235395867,-1.91468661241,-1.81215850212,-1.69101327336,-1.55573825393,-1.40272457094,-1.23713170006,-1.05615253072,-0.864584453252,-0.660029884472,-0.447563194352,-0.226024234789,2.34157654267e-15
11.200000000000001,0.0,0.228309936835,0.451924520071,0.666062786961,0.871956500381,1.06439145657,1.24589140002,1.41149082769,1.56409472695,1.69832725757,1.8180290063,1.9187167371,2.00394133817,2.07063203326,2.12279479188,2.15643471315,2.17901980376,2.18829013198,2.18575969002,2.17534934591,2.15962797474,2.12276368704,2.07673130123,2.0250772661,1.96841802562,1.90211883809,1.80965962823,1.688661005,1.54103118897,1.36909839051,1.17557409258,0.963510288953,0.736251352498,0.497381292398,0.250667232195,-6.43251023151e-16,-0.250667232195,-0.497381292398,-0.736251352498,-0.963510288953,-1.17557409258,-1.36909839051,-1.54103118897,-1.688661005,-1.80965962823,-1.90211883809,-1.96841802562,-2.02489345445,-2.07646784437,-2.12256566913,-2.1595441751,-2.17533048687,-2.1858064202,-2.18830187633,-2.17909016261,-2.15640701869,-2.12267280512,-2.07058092909,-2.00393761649,-1.91868214882,-1.81796606339,-1.69829882559,-1.56404400004,-1.41146671438,-1.2458707044,-1.06437839103,-0.871958027492,-0.666071317083,-0.4519379745,-0.228314428157,2.36647121054e-15
11.600000000000001,0.0,0.23058664892,0.456253091794,0.672025319671,0.87923387858,1.0724806989,1.25442282972,1.41995743535,1.57203634242,1.70513922162,1.82328763963,1.92201678754,2.00634937699,2.0715348465,2.1193334884,2.14852841272,2.16845386465,2.17520673515,2.1711376321,2.16059531012,2.14540731028,2.1106669096,2.0678773321,2.01990140065,1.96669113801,1.90211883809,1.80965962823,1.688661005,1.54103118897,1.36909839051,1.17557409258,0.963510288953,0.736251352498,0.497381292398,0.250667232195,-6.43251023151e-16,-0.250667232195,-0.497381292398,-0.736251352498,-0.963510288953,-1.17557409258,-1.36909839051,-1.54103118897,-1.688661005,-1.80965962823,-1.90211883809,-1.96669113801,-2.01990140065,-2.0678773321,-2.11065618424,-2.14540731028,-2.16059531012,-2.1711376321,-2.175215945,-2.16841403468,-2.14858827695,-2.11934079192,-2.07156931903,-2.00635014207,-1.92206074484,-1.82330274734,-1.70516080536,-1.57208440574,-1.41998047336,-1.25444420523,-1.07248653213,-0.879233560619,-0.672020530869,-0.456253091794,-0.23058664892,2.39123965275e-15
12.0,0.0,0.232842099035,0.460557184577,0.678018645606,0.886779987329,1.08111310384,1.26342805578,1.42848970593,1.57977925419,1.7118935111,1.82815760476,1.92488052094,2.0068869662,2.06904839695,2.11331368906,2.13936070525,2.1570425468,2.16159649514,2.15650293011,2.14603669418,2.13180018681,2.09948792557,2.05998451801,2.01518416705,1.9649642504,1.90211883809,1.80965962823,1.688661005,1.54103118897,1.36909839051,1.17557409258,0.963510288953,0.736251352498,0.497381292398,0.250667232195,-6.43251023151e-16,-0.250667232195,-0.497381292398,-0.736251352498,-0.963510288953,-1.17557409258,-1.36909839051,-1.54103118897,-1.688661005,-1.80965962823,-1.90211883809,-1.9649642504,-2.01518416705,-2.05998451801,-2.09956006077,-2.13180018681,-2.14608503115,-2.15643783105,-2.16159649514,-2.1570425468,-2.13936070525,-2.11331368906,-2.06908290585,-2.00689471691,-1.92486706176,-1.82816353591,-1.7119402174,-1.57980344207,-1.42849046769,-1.26344871204,-1.08111263312,-0.886779686253,-0.678018645606,-0.460557184577,-0.232842099035,2.41584879468e-15
12.4,0.0,0.235086906031,0.464809552112,0.683862333592,0.893908555297,1.08895349715,1.27157277421,1.43645497334,1.58719595857,1.71801705777,1.83253195488,1.92706669442,2.0066564501,2.06571711243,2.10658582243,2.12968758852,2.14575516149,2.14847074455,2.14288031928,2.13312396968,2.11984948875,2.09013254653,2.05364043246,2.01187622669,1.96458049759,1.90211883809,1.80965962823,1.688661005,1.54103118897,1.36909839051,1.17557409258,0.963510288953,0.736251352498,0.497381292398,0.250667232195,-6.43251023151e-16,-0.250667232195,-0.497381292398,-0.736251352498,-0.963510288953,-1.17557409258,-1.36909839051,-1.54103118897,-1.688661005,-1.80965962823,-1.90211883809,-1.96458049759,-2.01187261405,-2.05363221466,-2.09007594693,-2.11984918484,-2.13310426908,-2.1428609013,-2.14835370501,-2.14554320955,-2.12956331483,-2.10648623064,-2.06564666425,-2.00665909225,-1.92710440897,-1.83256253571,-1.71800969043,-1.58717391383,-1.43647011128,-1.27161721841,-1.08895349715,-0.893908555297,-0.683861697133,-0.464804466216,-0.235081959173,2.44039899013e-15
12.8,0.0,0.237310585412,0.469031556942,0.689653503688,0.900910719702,1.0966093491,1.27951321994,1.44412180142,1.59413482536,1.72350514335,1.83635918017,1.92862942945,2.00569483252,2.06151958983,2.09895288011,2.11942088113,2.13397803228,2.1353613899,2.12998371184,2.12092893075,2.10885091926,2.08159713695,2.04817125642,2.00922182581,1.96458049759,1.90211883809,1.80965962823,1.688661005,1.54103118897,1.36909839051,1.17557409258,0.963510288953,0.736251352498,0.497381292398,0.250667232195,-6.43251023151e-16,-0.250667232195,-0.497381292398,-0.736251352498,-0.963510288953,-1.17557409258,-1.36909839051,-1.54103118897,-1.688661005,-1.80965962823,-1.90211883809,-1.96458049759,-2.00922931644,-2.04816741027,-2.08159992465,-2.10881261766,-2.12097528872,-2.12996150484,-2.13543216505,-2.13391812822,-2.11945854552,-2.09894234638,-2.06155919243,-2.00576840904,-1.92861592039,-1.83631402329,-1.72351717457,-1.59419113414,-1.44414590929,-1.27951321994,-1.09661019176,-0.900910719702,-0.68965557948,-0.469030119721,-0.23730714195,2.4647522178e-15
13.200000000000001,0.0,0.239515529577,0.47319533961,0.69534024211,0.907770911078,1.10409997644,1.28720829093,1.45153586344,1.60074871552,1.72986757175,1.84204677647,1.93105967918,2.0043335162,2.05650304433,2.09047862761,2.10876645642,2.12167435587,2.12224762891,2.11732249089,2.10941330988,2.09863122732,2.07397341561,2.04316972174,2.00675603994,1.96458049759,1.90211883809,1.80965962823,1.688661005,1.54103118897,1.36909839051,1.17557409258,0.963510288953,0.736251352498,0.497381292398,0.250667232195,-6.43251023151e-16,-0.250667232195,-0.497381292398,-0.736251352498,-0.963510288953,-1.17557409258,-1.36909839051,-1.54103118897,-1.688661005,-1.80965962823,-1.90211883809,-1.96458049759,-2.00665248381,-2.04310224957,-2.07398147533,-2.09856175542,-2.10929352959,-2.11726696406,-2.12218713484,-2.12161615436,-2.10872876797,-2.09046533339,-2.05644443271,-2.00432506711,-1.93103517327,-1.84208043192,-1.72982430067,-1.60074871552,-1.45151197181,-1.28720829093,-1.10409997644,-0.907770911078,-0.69534024211,-0.47319533961,-0.239515529577,2.48896013649e-15
13.600000000000001,0.0,0.241701038028,0.477327156235,0.700987841985,0.914670678112,1.11200033342,1.29575897618,1.45953597526,1.60740495193,1.7348432161,1.84500101195,1.93130587389,2.00147818967,2.0502465685,2.08145338593,2.09784833773,2.10945446892,2.10982874749,2.10572340034,2.09883709981,2.08939370227,2.06725256115,2.03899884644,2.00502729016,1.96458049759,1.90211883809,1.80965962823,1.688661005,1.54103118897,1.36909839051,1.17557409258,0.963510288953,0.736251352498,0.497381292398,0.250667232195,-6.43251023151e-16,-0.250667232195,-0.497381292398,-0.736251352498,-0.963510288953,-1.17557409258,-1.36909839051,-1.54103118897,-1.688661005,-1.80965962823,-1.90211883809,-1.96458049759,-2.00502729016,-2.03899884644,-2.06725492517,-2.08939370227,-2.09880861887,-2.10569221094,-2.10982157291,-2.10946130077,-2.09786572674,-2.08141053024,-2.05038906433,-2.0016070387,-1.9313862748,-1.84500101195,-1.73480237013,-1.607395967,-1.45952522736,-1.29574588746,-1.11198690916,-0.914651954011,-0.700984278346,-0.4773328333,-0.241706119396,2.51301655414e-15
14.0,0.0,0.243875748319,0.481417299042,0.70653256115,0.921340929726,1.11924134875,1.30305744082,1.46629889429,1.61320337434,1.73914181544,1.84716268362,1.93053630075,1.9977489827,2.04312672395,2.07157944211,2.08689882654,2.09746256422,2.09807031335,2.09493919273,2.08928723354,2.08104578043,2.06141536907,2.03546439652,2.0036626339,1.96458049759,1.90211883809,1.80965962823,1.688661005,1.54103118897,1.36909839051,1.17557409258,0.963510288953,0.736251352498,0.497381292398,0.250667232195,-6.43251023151e-16,-0.250667232195,-0.497381292398,-0.736251352498,-0.963510288953,-1.17557409258,-1.36909839051,-1.54103118897,-1.688661005,-1.80965962823,-1.90211883809,-1.96458049759,-2.0036626339,-2.03541287138,-2.0614506573,-2.08120430454,-2.08926419093,-2.09488827255,-2.09801139751,-2.09746256422,-2.08689882654,-2.07157944211,-2.04312672395,-1.99777058014,-1.93052608294,-1.84716520189,-1.73921963539,-1.61323126566,-1.4663366485,-1.3030927806,-1.11924854712,-0.921345447836,-0.706532757328,-0.481417793002,-0.243880920598,2.53698501986e-15
14.4,0.0,0.246028284288,0.485479965816,0.712041393655,0.927919930507,1.12635322977,1.3101656615,1.47280607842,1.61867754553,1.74301685545,1.84857244815,1.92886434049,1.99314509863,2.03515720751,2.0612490679,2.07560746714,2.0853080841,2.08659581787,2.08447951995,2.0800704393,2.07322563953,2.05572244601,2.03190379647,2.00229797765,1.96458049759,1.90211883809,1.80965962823,1.688661005,1.54103118897,1.36909839051,1.17557409258,0.963510288953,0.736251352498,0.497381292398,0.250667232195,-6.43251023151e-16,-0.250667232195,-0.497381292398,-0.736251352498,-0.963510288953,-1.17557409258,-1.36909839051,-1.54103118897,-1.688661005,-1.80965962823,-1.90211883809,-1.96458049759,-2.00229797765,-2.03190379647,-2.05572244601,-2.07322563953,-2.08005316041,-2.08450096659,-2.08664228396,-2.08532330071,-2.07557485532,-2.06119927087,-2.03505553968,-1.99317490323,-1.9288632045,-1.84856174992,-1.74299233959,-1.61869571861,-1.47283819203,-1.31015884865,-1.1263497799,-0.927900952374,-0.712027229602,-0.485479965816,-0.246028393659,2.56082347836e-15
14.8,0.0,0.248169463695,0.489483446853,0.717457140651,0.934368431951,1.13324305532,1.31696267346,1.47895690293,1.62369150989,1.74625878194,1.84917609164,1.92646183285,1.98768633604,2.02649066273,2.05061956259,2.06443256588,2.07354297309,2.07560537412,2.0746317001,2.07118089321,2.0654654448,2.05020466683,2.02856586876,2.0009333214,1.96458049759,1.90211883809,1.80965962823,1.688661005,1.54103118897,1.36909839051,1.17557409258,0.963510288953,0.736251352498,0.497381292398,0.250667232195,-6.43251023151e-16,-0.250667232195,-0.497381292398,-0.736251352498,-0.963510288953,-1.17557409258,-1.36909839051,-1.54103118897,-1.688661005,-1.80965962823,-1.90211883809,-1.96458049759,-2.0009333214,-2.02856586876,-2.05020466683,-2.0654654448,-2.07118089321,-2.0746317001,-2.07561106483,-2.07354381928,-2.06442457702,-2.05060186344,-2.02645541991,-1.98765877141,-1.92644685373,-1.84914527766,-1.7462246408,-1.62366258826,-1.47892904615,-1.31694064399,-1.13324305532,-0.934368431951,-0.717443989483,-0.489483446853,-0.248169463695,2.58450476279e-15
15.200000000000001,0.0,0.250289906504,0.493451362786,0.722770784225,0.940671014202,1.1399740696,1.32353469535,1.48479543286,1.62826036835,1.74887063842,1.84896509186,1.92315655711,1.98123109766,2.01700861167,2.03968026957,2.05268567561,2.06065787595,2.06523422932,2.06510889936,2.0628327971,2.05831124656,2.04505609492,2.02526481381,1.9994711897,1.96458049759,1.90211883809,1.80965962823,1.688661005,1.54103118897,1.36909839051,1.17557409258,0.963510288953,0.736251352498,0.497381292398,0.250667232195,-6.43251023151e-16,-0.250667232195,-0.497381292398,-0.736251352498,-0.963510288953,-1.17557409258,-1.36909839051,-1.54103118897,-1.688661005,-1.80965962823,-1.90211883809,-1.96458049759,-1.9994711897,-2.02526481381,-2.04505609492,-2.05832726977,-2.06289369064,-2.06515586742,-2.06524047296,-2.06070195055,-2.05268033354,-2.03964865173,-2.01693024668,-1.98119167479,-1.9231217634,-1.84901795036,-1.74896308212,-1.62830645071,-1.48477298229,-1.32351283901,-1.13997465372,-0.940689264114,-0.722770784225,-0.493451362786,-0.250289906504,2.60797209088e-15
15.600000000000001,0.0,0.252735279102,0.497359453486,0.728013529572,0.946890350697,1.1464997596,1.32979767059,1.4902279178,1.63235897068,1.75105380642,1.84814061653,1.91905214299,1.9736847932,2.00686690565,2.02830933223,2.04133517351,2.04945806938,2.05382553897,2.05599945843,2.05462962076,2.05120984049,2.03987767807,2.02196166932,1.998009058,1.96458049759,1.90211883809,1.80965962823,1.688661005,1.54103118897,1.36909839051,1.17557409258,0.963510288953,0.736251352498,0.497381292398,0.250667232195,-6.43251023151e-16,-0.250667232195,-0.497381292398,-0.736251352498,-0.963510288953,-1.17557409258,-1.36909839051,-1.54103118897,-1.688661005,-1.80965962823,-1.90211883809,-1.96458049759,-1.998009058,-2.02196166932,-2.03987767807,-2.05120984049,-2.05465954714,-2.05602962289,-2.05383351573,-2.04944287348,-2.04135987723,-2.0283477135,-2.00687453282,-1.97367053666,-1.91911209436,-1.84811885765,-1.7510311131,-1.63233878927,-1.4902049266,-1.32980570852,-1.1465063253,-0.946897760363,-0.728037933009,-0.497364147768,-0.252735317594,2.63153301435e-15
16.0,0.0,0.254820379475,0.501248318722,0.733201752611,0.952977389997,1.1528484308,1.33579819749,1.49528568627,1.63591464295,1.75248560563,1.84645463577,1.91432605001,1.96553028317,1.99642571233,2.01731374859,2.03060364412,2.03942311295,2.0443489887,2.04649840168,2.04479937611,2.03516908302,2.01892623334,1.99664440175,1.96458049759,1.90211883809,1.80965962823,1.688661005,1.54103118897,1.36909839051,1.17557409258,0.963510288953,0.736251352498,0.497381292398,0.250667232195,-6.43251023151e-16,-0.250667232195,-0.497381292398,-0.736251352498,-0.963510288953,-1.17557409258,-1.36909839051,-1.54103118897,-1.688661005,-1.80965962823,-1.90211883809,-1.96458049759,-1.99664440175,-2.01892623334,-2.03516908302,-2.04479937611,-2.04649840168,-2.04437406585,-2.03944382107,-2.03058402622,-2.01733678686,-1.99645568727,-1.96559010477,-1.91432649628,-1.84643430886,-1.75245296232,-1.63588671386,-1.49524527931,-1.33576553533,-1.15281874909,-0.952960736794,-0.73321462195,-0.501253853495,-0.2548261629,2.65472690142e-15
16.400000000000002,0.0,0.256932084622,0.505080748533,0.738762886618,0.958897174829,1.15893482549,1.3424005269,1.50140776619,1.6396886376,1.75329170221,1.84395728097,1.90879812991,1.95708193436,1.98653815465,2.00703440047,2.02073274557,2.03035430335,2.03598184514,2.0392423198,2.03922260374,2.03129187989,2.01674347353,1.99605954907,1.96458049759,1.90211883809,1.80965962823,1.688661005,1.54103118897,1.36909839051,1.17557409258,0.963510288953,0.736251352498,0.497381292398,0.250667232195,-6.43251023151e-16,-0.250667232195,-0.497381292398,-0.736251352498,-0.963510288953,-1.17557409258,-1.36909839051,-1.54103118897,-1.688661005,-1.80965962823,-1.90211883809,-1.96458049759,-1.99605954907,-2.01674347353,-2.03129187989,-2.03922260374,-2.0392423198,-2.03598184514,-2.03034532614,-2.02073536296,-2.00702435998,-1.98657469947,-1.95708713954,-1.90893480936,-1.84394860594,-1.75328231234,-1.63970393507,-1.50141573636,-1.3424023827,-1.1589328337,-0.958896369975,-0.738760599979,-0.505091684283,-0.256937830212,2.67863593703e-15
16.8,0.0,0.258985819233,0.508868437073,0.743783608921,0.964686120722,1.16485250522,1.34787667261,1.50568697965,1.64218182208,1.75325318274,1.84068211098,1.90281453257,1.94827433312,1.97694839705,1.99760983187,2.01194805302,2.02244452197,2.02909081021,2.03319191064,2.03474787942,2.02835385538,2.01526440083,1.99605954907,1.96458049759,1.90211883809,1.80965962823,1.688661005,1.54103118897,1.36909839051,1.17557409258,0.963510288953,0.736251352498,0.497381292398,0.250667232195,-6.43251023151e-16,-0.250667232195,-0.497381292398,-0.736251352498,-0.963510288953,-1.17557409258,-1.36909839051,-1.54103118897,-1.688661005,-1.80965962823,-1.90211883809,-1.96458049759,-1.99605954907,-2.01526440083,-2.02835385538,-2.03474787942,-2.03307709051,-2.02898200064,-2.02238767228,-2.0120118367,-1.99757577592,-1.9769605914,-1.94827587364,-1.9028501672,-1.84068731725,-1.75327035685,-1.64216394118,-1.50565959066,-1.34788827383,-1.16484863276,-0.964687619059,-0.743782081653,-0.508871055982,-0.258986816004,2.70152559181e-15
17.2,0.0,0.261134304779,0.512699544305,0.748734976152,0.970314622294,1.17101456468,1.35301085871,1.50951903944,1.64416389279,1.75254382065,1.83658818569,1.896059659,1.93935086381,1.96732587689,1.98837312905,2.00341901541,2.0146677899,2.02205032785,2.02707755177,2.0302235684,2.02526469033,2.01374931982,1.99605954907,1.96458049759,1.90211883809,1.80965962823,1.688661005,1.54103118897,1.36909839051,1.17557409258,0.963510288953,0.736251352498,0.497381292398,0.250667232195,-6.43251023151e-16,-0.250667232195,-0.497381292398,-0.736251352498,-0.963510288953,-1.17557409258,-1.36909839051,-1.54103118897,-1.688661005,-1.80965962823,-1.90211883809,-1.96458049759,-1.99605954907,-2.01374931982,-2.02526469033,-2.0302235684,-2.02703585635,-2.02200612147,-2.01465894198,-2.00335472795,-1.98832654134,-1.96731803411,-1.93926388504,-1.89605476729,-1.83657370853,-1.75249360557,-1.64416163456,-1.50950252075,-1.35298105379,-1.17099330523,-0.970297316636,-0.748734976152,-0.512699544305,-0.261134304779,2.72561849229e-15
17.6,0.0,0.263146945101,0.516382853602,0.753546242103,0.975773644073,1.17645390644,1.35781392605,1.51292991741,1.64565898227,1.75109381929,1.83176457379,1.8887211433,1.93013153185,1.95816100646,1.9797574997,1.99544973083,2.00748766677,2.01564345302,2.02150414313,2.02614660632,2.02268015979,2.01248280535,1.99605954907,1.96458049759,1.90211883809,1.80965962823,1.688661005,1.54103118897,1.36909839051,1.17557409258,0.963510288953,0.736251352498,0.497381292398,0.250667232195,-6.43251023151e-16,-0.250667232195,-0.497381292398,-0.736251352498,-0.963510288953,-1.17557409258,-1.36909839051,-1.54103118897,-1.688661005,-1.80965962823,-1.90211883809,-1.96458049759,-1.99605954907,-2.01248280535,-2.02268015979,-2.02614660632,-2.02150414313,-2.01560817313,-2.00746759123,-1.99540992885,-1.97971993004,-1.95813098002,-1.93015658146,-1.88875936796,-1.83186771424,-1.7511260615,-1.64567737474,-1.51293059957,-1.35783557174,-1.17645390644,-0.975773644073,-0.753546242103,-0.516382853602,-0.263146945101,2.74820968897e-15
18.0,0.0,0.265130007491,0.520004110918,0.758289648419,0.981092752249,1.1816856079,1.36231015577,1.51589074256,1.64656989885,1.74902206543,1.8265056306,1.88102771856,1.92101175436,1.94920092692,1.97138127507,1.98784573879,2.00069850656,2.00955617833,2.01628029854,2.02227218085,2.02011460282,2.01120641483,1.99605954907,1.96458049759,1.90211883809,1.80965962823,1.688661005,1.54103118897,1.36909839051,1.17557409258,0.963510288953,0.736251352498,0.497381292398,0.250667232195,-6.43251023151e-16,-0.250667232195,-0.497381292398,-0.736251352498,-0.963510288953,-1.17557409258,-1.36909839051,-1.54103118897,-1.688661005,-1.80965962823,-1.90211883809,-1.96458049759,-1.99605954907,-2.01120641483,-2.02011460282,-2.02227218085,-2.01628029854,-2.00953296024,-2.00068781496,-1.98775889866,-1.9714028119,-1.9492801663,-1.92109279677,-1.88101572926,-1.82650760678,-1.74905451102,-1.64655182171,-1.51588285065,-1.36231325823,-1.18168519507,-0.981091891506,-0.758274258873,-0.519993346101,-0.265130007491,2.77058567827e-15
18.400000000000002,0.0,0.26709786323,0.523570172239,0.762902560094,0.986262602928,1.18668847187,1.36647483216,1.51841584619,1.64685844536,1.74621790122,1.8207567835,1.87315477489,1.91219684798,1.9406490481,1.96345142988,1.98056188957,1.99415065366,2.00376069459,2.01125227734,2.01855078125,2.01765303254,2.00999853793,1.99605954907,1.96458049759,1.90211883809,1.80965962823,1.688661005,1.54103118897,1.36909839051,1.17557409258,0.963510288953,0.736251352498,0.497381292398,0.250667232195,-6.43251023151e-16,-0.250667232195,-0.497381292398,-0.736251352498,-0.963510288953,-1.17557409258,-1.36909839051,-1.54103118897,-1.688661005,-1.80965962823,-1.90211883809,-1.96458049759,-1.99605954907,-2.00999853793,-2.01766875278,-2.01855078125,-2.01115709379,-2.00371318842,-1.99417886139,-1.98053178043,-1.96344965254,-1.94067480634,-1.91212978621,-1.87312283685,-1.82065452363,-1.7461708863,-1.64684600924,-1.51838237617,-1.36646386411,-1.18667786663,-0.986246575605,-0.762903600067,-0.523570527144,-0.26709786323,2.79269894455e-15
18.8,0.0,0.269203470742,0.527339561221,0.767531376548,0.991239359322,1.19141577775,1.37024987815,1.52085579411,1.64653784555,1.74297186664,1.81548502827,1.86561517515,1.90363706182,1.9325212144,1.95586611074,1.97359297293,1.98801209938,1.99820813898,2.00642375941,2.01497229827,2.0154183011,2.00892630802,1.99605954907,1.96458049759,1.90211883809,1.80965962823,1.688661005,1.54103118897,1.36909839051,1.17557409258,0.963510288953,0.736251352498,0.497381292398,0.250667232195,-6.43251023151e-16,-0.250667232195,-0.497381292398,-0.736251352498,-0.963510288953,-1.17557409258,-1.36909839051,-1.54103118897,-1.688661005,-1.80965962823,-1.90211883809,-1.96458049759,-1.99605954907,-2.00892630802,-2.0154183011,-2.01497229827,-2.00642375941,-1.99820813898,-1.98801209938,-1.97359297293,-1.95586611074,-1.932510861,-1.90359538475,-1.86559201848,-1.81546994237,-1.74299799002,-1.64656926126,-1.52087583957,-1.37026334553,-1.19139965078,-0.991226409835,-0.767530280332,-0.527350216674,-0.269209469686,2.81583083388e-15
19.200000000000003,0.0,0.271130186958,0.530777950321,0.771905843393,0.996017087704,1.19590124173,1.37372828274,1.52242473165,1.6455518773,1.73883385017,1.80845797802,1.85719369208,1.89539438776,1.92474763028,1.94879136325,1.96720950684,1.98218838405,1.9930946461,2.00195069526,2.01169444146,2.01318406208,2.00785407811,1.99605954907,1.96458049759,1.90211883809,1.80965962823,1.688661005,1.54103118897,1.36909839051,1.17557409258,0.963510288953,0.736251352498,0.497381292398,0.250667232195,-6.43251023151e-16,-0.250667232195,-0.497381292398,-0.736251352498,-0.963510288953,-1.17557409258,-1.36909839051,-1.54103118897,-1.688661005,-1.80965962823,-1.90211883809,-1.96458049759,-1.99605954907,-2.00785407811,-2.01320087795,-2.01166045299,-2.00189922586,-1.99303614652,-1.98218563422,-1.96715462138,-1.94877371026,-1.92475810433,-1.89536809267,-1.85729703431,-1.80846980598,-1.73879500639,-1.64550056759,-1.52246817844,-1.37375870753,-1.19593063371,-0.996017194556,-0.77191755504,-0.530777580636,-0.271127450256,2.83776456831e-15
19.6,0.0,0.273022445761,0.534130856954,0.776166694634,1.0006344187,1.20013909697,1.37684271402,1.52357814481,1.64386463172,1.73383548175,1.80109919633,1.84907137262,1.88743201497,1.91722477841,1.94186304368,1.9609030882,1.97662448899,1.98792073662,1.99754109874,2.00837180096,2.01100344715,2.00678184819,1.99605954907,1.96458049759,1.90211883809,1.80965962823,1.688661005,1.54103118897,1.36909839051,1.17557409258,0.963510288953,0.736251352498,0.497381292398,0.250667232195,-6.43251023151e-16,-0.250667232195,-0.497381292398,-0.736251352498,-0.963510288953,-1.17557409258,-1.36909839051,-1.54103118897,-1.688661005,-1.80965962823,-1.90211883809,-1.96458049759,-1.99605954907,-2.00678184819,-2.01100344715,-2.00838265128,-1.99742848102,-1.98791854887,-1.97653887937,-1.96072654966,-1.94180289332,-1.9171513785,-1.88737228263,-1.84900988434,-1.80109713839,-1.73387756603,-1.6438938897,-1.52357530096,-1.37688056638,-1.20017717746,-1.00064391384,-0.776172244174,-0.534132125734,-0.273016489948,2.85942666231e-15
20.0,0.0,0.274878941868,0.537442054855,0.780335211084,1.00509191322,1.20414320271,1.37967102178,1.52442682033,1.64234182898,1.72979427957,1.79533921182,1.84285102039,1.88148421572,1.91176482233,1.93688115584,1.9562523585,1.97243677681,1.98416603672,1.99420202944,2.00587393935,2.00942115834,2.00600204462,1.99605954907,1.96458049759,1.90211883809,1.80965962823,1.688661005,1.54103118897,1.36909839051,1.17557409258,0.963510288953,0.736251352498,0.497381292398,0.250667232195,-6.43251023151e-16,-0.250667232195,-0.497381292398,-0.736251352498,-0.963510288953,-1.17557409258,-1.36909839051,-1.54103118897,-1.688661005,-1.80965962823,-1.90211883809,-1.96458049759,-1.99605954907,-2.00600204462,-2.00942115834,-2.00587039331,-1.99420550096,-1.98412675273,-1.97243116198,-1.9562357402,-1.93681975759,-1.91169568631,-1.88149940953,-1.84285874845,-1.79528644155,-1.7297964704,-1.64227015166,-1.52441552376,-1.37965509006,-1.20413995906,-1.00508130221,-0.780331323571,-0.53742116458,-0.274877421362,2.88085225006e-15
