0.0,3.59683076736,3.58649045464,3.57011675596,3.52996149152,3.48366070026,3.41757834159,3.34589783298,3.25156210771,3.1516563422,3.03403600577,2.91147312958,2.76891473981,2.62162085639,2.45995206796,2.29396275366,2.11224038575,1.92708462703,1.73118746129,1.53221126862,1.32286139592,1.11141350973,0.893642101919,0.67382881694,0.45009698349,0.225667095832,6.30538742355e-05,-0.225351147013,-0.449085790124,-0.671875896914,-0.890162306968,-1.10674964444,-1.31647696652,-1.5237328256,-1.7212317043,-1.91554653479,-2.0985002624,-2.27760971981,-2.44210961615,-2.60225319221,-2.74731294587,-2.88753167025,-3.00902703278,-3.12508411972,-3.22351356162,-3.31654545387,-3.3873971538,-3.45241397904,-3.49847412512,-3.53873387641,-3.55481524107,-3.56480096479,-3.55455965751,-3.53804563713,-3.49878341134,-3.45335606866,-3.3873646919,-3.31590539458,-3.22372032004,-3.12595155373,-3.00900527704,-2.88692686701,-2.74738667386,-2.60289580826,-2.44207039943,-2.27719776478,-2.09850067279,-1.91612666195,-1.72116726078,-1.5234468652,-1.31651200047,-1.10705264428,-0.890182572759,-0.671774324432,-0.449080529866,-0.225417568936,4.47808555526e-05,0.225625738114,0.450097304053,0.673684403168,0.893708613077,1.11170738708,1.32279213578,1.53188885612,1.73134903261,1.92756140747,2.11221021448,2.29344622988,2.4601521998,2.62225668397,2.76872135324,2.91095213029,3.03433668971,3.15217602165,3.25143213098,3.34558524966,3.41778934458,3.48391985802,3.52983455,3.56996022604,3.58657705538,3.59683076736
0.4,3.6889142263,3.67879517109,3.65848624656,3.61717716735,3.56818789281,3.49727391056,3.41959795367,3.3208754419,3.21564312449,3.09222283022,2.96224096143,2.8147096121,2.66143812941,2.49380566459,2.32085243835,2.13480580196,1.94472613309,1.74412906756,1.54015694979,1.32848113857,1.11418675663,0.894128656732,0.672063627177,0.44828408433,0.223971695152,0.000236099525081,-0.222744334684,-0.442953989303,-0.661253300625,-0.874701482701,-1.08513765862,-1.28868808417,-1.48832895545,-1.67916162979,-1.86525388194,-2.0407388443,-2.2109713396,-2.36865802524,-2.52062955845,-2.65871845012,-2.79078917772,-2.90680141013,-3.01693488994,-3.11028087175,-3.19740251867,-3.26636296772,-3.32982970417,-3.37285516707,-3.41032957356,-3.42694015168,-3.43680117878,-3.4267106537,-3.4096399082,-3.37267716002,-3.32950213491,-3.26627608769,-3.19796267774,-3.11040310604,-3.01668611159,-2.90671455237,-2.79073640352,-2.65867884341,-2.52077292862,-2.36870498403,-2.21090338424,-2.04076147133,-1.86533304937,-1.67916849346,-1.48825015017,-1.28863770093,-1.0851411732,-0.87470699867,-0.661186656482,-0.44292659803,-0.222743774105,0.000233253317195,0.223958579575,0.448284181444,0.672084304787,0.894129290123,1.11416442788,1.32847738114,1.53998515707,1.7440826999,1.94468817739,2.13475964971,2.32071276293,2.49386444524,2.66208769371,2.81488001152,2.96203464023,3.09198662124,3.21533568319,3.32082288628,3.41964203885,3.49706751773,3.56753454665,3.6171555639,3.65905881885,3.67879517109,3.6889142263
0.8,3.81115515096,3.80027701221,3.77607411474,3.73061831998,3.67444791485,3.59896884878,3.51250420144,3.40875696724,3.29449454419,3.1642222239,3.02427101974,2.87064633068,2.70816556367,2.53388083029,2.35196715479,2.16062388599,1.96283609673,1.75779536086,1.54764700242,1.3328085292,1.11402831658,0.892345032446,0.668803237594,0.44542997572,0.221869679725,0.000442585623147,-0.219705109117,-0.435954246326,-0.649496336674,-0.85756979609,-1.06163907393,-1.25875190975,-1.45068692016,-1.63451074635,-1.81220583555,-1.98038446149,-2.14172685392,-2.29263499392,-2.43609215407,-2.56768648296,-2.69183467217,-2.80295237949,-2.906425209,-2.99599029599,-3.07789109307,-3.14415283562,-3.20376391357,-3.24641515042,-3.28236007226,-3.29922936274,-3.30895750889,-3.29912551881,-3.28322015431,-3.24666829844,-3.2035302114,-3.14401406012,-3.07783119691,-2.9959019464,-2.90655693875,-2.80301806619,-2.69176718606,-2.56769078387,-2.43609215407,-2.29257424806,-2.14167346092,-1.98038446149,-1.81220583555,-1.63453947627,-1.45077607705,-1.25877762976,-1.06161976359,-0.857564668656,-0.649500699537,-0.435943418982,-0.219705223443,0.000443519651514,0.221877158545,0.445443916938,0.668803237594,0.892353618063,1.11399680884,1.3327942872,1.54764700242,1.75773956531,1.96274639318,2.16064231395,2.35205937893,2.53397462039,2.708121746,2.87063155911,3.02441031474,3.1642669736,3.29449454419,3.40875696724,3.51250420144,3.59900150516,3.67456589995,3.730616225,3.77580314589,3.80012861937,3.81115515096
1.2000000000000002,3.93225347652,3.91938912195,3.89022874781,3.84131848869,3.77868764449,3.69786972693,3.60353814453,3.49336376425,3.37012610796,3.23280655497,3.08391111188,2.9226823292,2.751137222,2.56994313634,2.37998170668,2.18239501678,1.97787818117,1.76803535607,1.55267344484,1.33417917768,1.11180539299,0.888787318423,0.664357591604,0.441798398228,0.219418078987,0.000638786930874,-0.216328848101,-0.428236046788,-0.636833555925,-0.839091984527,-1.03673990028,-1.22698443718,-1.41171881692,-1.5879947574,-1.75762789761,-1.91815791431,-2.07140512351,-2.21486347283,-2.35040954507,-2.47540089708,-2.59232652031,-2.69791567853,-2.79530266196,-2.88065281044,-2.95786189736,-3.02181736347,-3.07832675653,-3.12064455451,-3.15582112315,-3.1717984519,-3.18107031192,-3.17169834321,-3.15593139614,-3.12087702944,-3.07838770222,-3.02182742936,-2.95780326038,-2.88047575967,-2.79535874757,-2.69794192751,-2.59226084348,-2.47540619777,-2.35042647841,-2.21489789184,-2.07155964315,-1.91817127759,-1.75761770454,-1.58795289475,-1.41168227011,-1.22698448882,-1.03675905303,-0.839070678655,-0.636804429899,-0.428224400838,-0.216328889431,0.000638752377099,0.219411963135,0.441798398228,0.664369313489,0.888787318423,1.11179767142,1.33422001162,1.55276365816,1.76805773941,1.97796095904,2.18249913768,2.37996842377,2.57001786772,2.75115934261,2.92260845983,3.0838597853,3.23286063149,3.37012600838,3.49336368032,3.60359541352,3.69786568291,3.77868764449,3.84131848869,3.89009937391,3.91932580002,3.93225347652
1.6,4.05255805232,4.03741633202,4.00331427679,3.95015285545,3.8808965251,3.79412294056,3.69224271798,3.57458130091,3.4429169861,3.29775179916,3.13990747006,2.97079893773,2.79091428321,2.60229854855,2.40450387192,2.200753281,1.98974563665,1.77491611113,1.55475629765,1.33275331272,1.10760061169,0.883586229367,0.658781907469,0.437309641494,0.216598434898,0.000817524862789,-0.212588414564,-0.419742207641,-0.623163848123,-0.819284802051,-1.01057517603,-1.19365212908,-1.370930063,-1.53947308221,-1.70145952684,-1.85418768911,-1.99968165702,-2.13550465428,-2.26352159396,-2.38168163684,-2.49186751563,-2.59196119246,-2.68376250399,-2.76486127595,-2.83783325621,-2.89928108058,-2.95304808989,-2.99438468868,-3.02797013421,-3.04410020533,-3.053062605,-3.04389868022,-3.02792920638,-2.99453551295,-2.95309454776,-2.89932455287,-2.83776325311,-2.76478280916,-2.68374892454,-2.59193378266,-2.49193115444,-2.38173301575,-2.26343205216,-2.13544881383,-1.99964676948,-1.85415321782,-1.70140877889,-1.53946029806,-1.37087381477,-1.19360606597,-1.01054230283,-0.819278786399,-0.62317926951,-0.419754507074,-0.212593890144,0.000817535574412,0.21659200005,0.437319779107,0.6587996093,0.883593681818,1.1076324028,1.33273809283,1.55475455544,1.7748760283,1.98971867477,2.20067743625,2.40452062802,2.60220067082,2.7908492058,2.97073539766,3.13985766267,3.29770763865,3.44292163146,3.57452997239,3.69223894117,3.79420217634,3.88083267288,3.95015265751,4.00345130982,4.03766307529,4.05255805232
2.0,4.17252580365,4.15436762356,4.11534017685,4.05721484661,3.98130838351,3.88776410496,3.77777417166,3.65257518744,3.51231651356,3.35899920024,3.19247456831,3.015291512,2.82708631583,2.63091674431,2.42576578026,2.21540820088,1.998320963,1.77847604948,1.55363088282,1.3285567093,1.10130184834,0.876724311467,0.651995183873,0.431991880644,0.213365514047,0.000995151289646,-0.208480043047,-0.410516212753,-0.608512933613,-0.798225364365,-0.982840119745,-1.15860896211,-1.3285493547,-1.48931519275,-1.64359094979,-1.78839422617,-1.92615694691,-2.05449341725,-2.17540859136,-2.28696448228,-2.39077220172,-2.48520463219,-2.57174533447,-2.64838746057,-2.71732955389,-2.77635258151,-2.82763756706,-2.86788520928,-2.90008932825,-2.91586660363,-2.92494038479,-2.91574497746,-2.90009141167,-2.86793945075,-2.82775030782,-2.77642899383,-2.71727529398,-2.64834629586,-2.57174360436,-2.48518915107,-2.39085774062,-2.28701297542,-2.17545620255,-2.05443732547,-1.92605912777,-1.78831462052,-1.64354826646,-1.48933223559,-1.32852162559,-1.158570355,-0.982796030978,-0.798200677557,-0.608498101608,-0.410494420408,-0.208475024521,0.000999005021658,0.213361291649,0.431993301796,0.651978607659,0.876703006037,1.10127120696,1.32852029011,1.55360302849,1.77847604948,1.998320963,2.21540820088,2.42573085301,2.63083944468,2.82704427214,3.0152465808,3.19242683717,3.35897162216,3.5122670352,3.65251934719,3.77778200161,3.88768711715,3.9812653965,4.05717563493,4.11547503647,4.15440085759,4.17252580365
2.4000000000000004,4.29113924326,4.26957768141,4.22571534634,4.16175989267,4.07954438374,3.97903434279,3.86135856885,3.72776504145,3.57874697287,3.41667835516,3.24132356057,3.05583415743,2.85929534508,2.65565166428,2.44328131359,2.22661048469,2.00355761759,1.77861022744,1.54955605507,1.32200837504,1.09305755846,0.868297906108,0.644029611546,0.425896741917,0.209748321042,0.00116680948026,-0.204009694131,-0.400624259068,-0.592873273033,-0.775863347163,-0.953762792919,-1.12207487363,-1.28459290057,-1.43743367747,-1.58394324013,-1.72093634258,-1.85127992376,-1.97215659478,-2.08606073628,-2.19093570894,-2.28858275745,-2.37713622946,-2.45881747211,-2.53140568115,-2.59695713442,-2.65310522408,-2.70210743953,-2.74095506674,-2.77207725026,-2.78764529599,-2.79681421924,-2.78763478346,-2.77208115032,-2.74108145108,-2.70210743953,-2.65309107891,-2.59677182783,-2.53132795329,-2.45881747211,-2.37715739862,-2.2886253971,-2.19097619351,-2.08609906805,-1.97224224112,-1.85127992376,-1.72096855576,-1.58394182102,-1.43742262336,-1.28460734159,-1.1220768722,-0.953763798391,-0.775874324475,-0.592873758312,-0.400631784804,-0.204009488032,0.00117029384951,0.209743315018,0.425886165506,0.644013123048,0.868276695655,1.09305789203,1.32200697911,1.54955504881,1.77867856647,2.00339406814,2.22633266241,2.44299829957,2.65545497772,2.85912665749,3.05567401707,3.24122416834,3.41663415555,3.57880209535,3.72783634305,3.8613978654,3.97905305683,4.07948567396,4.16175989267,4.22571354569,4.26965015499,4.29113924326
2.8000000000000003,4.40822284596,4.38292171805,4.3340829479,4.26443584946,4.17511162163,4.06735164891,3.94143224297,3.79959599827,3.6417100693,3.47088296749,3.2865720727,3.09248703734,2.88762337358,2.67635820118,2.45668872349,2.23372265718,2.00469382076,1.77501233825,1.54232973586,1.3128054785,1.08254891358,0.857971642044,0.634659933956,0.418882804359,0.205705940857,0.00144337958033,-0.199161788027,-0.389959288748,-0.576223669695,-0.752315399291,-0.923118241487,-1.08372124638,-1.23864054299,-1.38344688048,-1.52226246845,-1.65146282214,-1.77444197095,-1.88814437807,-1.9953429561,-2.0938910053,-2.18582798806,-2.2692593682,-2.34604121516,-2.4146463759,-2.47669044597,-2.53005575351,-2.57694900381,-2.61443988272,-2.64456232547,-2.65950533066,-2.66884038109,-2.65941620898,-2.64453988004,-2.61445246713,-2.57693145088,-2.53004495971,-2.47647822997,-2.41441361216,-2.34588163613,-2.26916196042,-2.18568717786,-2.0938553549,-1.99535807484,-1.88816903921,-1.7745040094,-1.65158465571,-1.52239278545,-1.38352321669,-1.2387338943,-1.08376513647,-0.923157879838,-0.752347816309,-0.576247760146,-0.389975421784,-0.199170264203,0.00144341131781,0.205710900605,0.418902491188,0.634665999535,0.85797226403,1.08252118491,1.31277031873,1.5422893112,1.77495538209,2.00469327572,2.23373462476,2.45669620144,2.67627843262,2.88753665529,3.09242002738,3.28652374937,3.4709620743,3.64172722614,3.79965579677,3.94143157389,4.06735244366,4.17512546365,4.26448917024,4.33416533264,4.38305578191,4.40822284596
3.2,4.52435948036,4.49528302115,4.44062450627,4.36485015947,4.26841016429,4.15275372227,4.0184299753,3.86788034309,3.70092424835,3.52110953416,3.3276124538,3.12498413444,2.91172483156,2.69292843424,2.46598172439,2.23679506189,2.00171769012,1.76798331304,1.53214423627,1.30101071219,1.06994034012,0.846071157721,0.624118388204,0.411104030336,0.201282225876,0.00160135055128,-0.193935219634,-0.378662981787,-0.558570511204,-0.727477747971,-0.891125848102,-1.0439296187,-1.19130053443,-1.32817751849,-1.45940619689,-1.58076786717,-1.69637246628,-1.80283559077,-1.90344440007,-1.99571377634,-2.08201043466,-2.16019720102,-2.23256749886,-2.29698905384,-2.35578317324,-2.40638699803,-2.45165207144,-2.48718256946,-2.51697781875,-2.53087955079,-2.54085292858,-2.53086511006,-2.5170478357,-2.48723285394,-2.45163477539,-2.40634889619,-2.35572468145,-2.29699546168,-2.23245978067,-2.1601713148,-2.08196197457,-1.99565734507,-1.90344440007,-1.80279249531,-1.69641883584,-1.580810825,-1.45940278899,-1.32818273655,-1.19128390963,-1.04389079586,-0.89111019412,-0.727465436806,-0.558558018392,-0.37865856858,-0.193936090997,0.00160107926741,0.201285527524,0.41110444064,0.624130869979,0.846067799971,1.06991630711,1.3009888207,1.53212303009,1.76801172279,2.00173879831,2.23676702985,2.46601678599,2.69291011222,2.91168195659,3.12493465523,3.32755908735,3.52105335714,3.70086560843,3.86781892692,4.01836404722,4.15268835116,4.26841119042,4.36493888802,4.44061836998,4.49528369771,4.52435948036
3.6,4.6395197584,4.60620612652,4.54596405797,4.46323071162,4.35909217269,4.23524274339,4.09201294596,3.93253253385,3.75623201144,3.56731907938,3.36471515092,3.15343064055,2.93158421261,2.70498376412,2.47087053758,2.23534756082,1.99492673812,1.75755792038,1.51893987101,1.28665813012,1.05516257711,0.832400117534,0.612301862365,0.402470155501,0.196444610966,0.0017499509858,-0.188316565957,-0.366631510279,-0.539857001407,-0.70135219214,-0.857698086017,-1.00263107349,-1.14226977053,-1.27119046891,-1.39485285307,-1.50851778246,-1.61692561989,-1.71626534647,-1.81033646191,-1.89617933607,-1.97685804561,-2.04926465595,-2.11810548864,-2.17704761436,-2.23463953397,-2.28099947824,-2.32610160042,-2.3583336405,-2.38935403694,-2.40131337073,-2.41274279378,-2.4013026906,-2.38933267622,-2.35824740587,-2.32595048393,-2.28085767663,-2.23453090924,-2.1768645981,-2.11794075487,-2.04908419953,-1.97677098337,-1.8961355128,-1.81034027934,-1.71633025326,-1.61697800229,-1.50853022154,-1.39488976115,-1.27122399244,-1.14226977053,-1.00262592372,-0.857672659913,-0.701351323579,-0.539859366403,-0.366631555486,-0.188319983623,0.00174998308675,0.196444476095,0.402469748684,0.612289638105,0.832420151691,1.05519371722,1.28663943388,1.5189186188,1.75753539627,1.99490687779,2.23532058481,2.47083952589,2.70500698593,2.93158362446,3.15343402013,3.36476999201,3.56741522203,3.75629702065,3.93261193173,4.09205007631,4.2352193508,4.35901652175,4.46319313775,4.54588481626,4.60620444193,4.6395197584
4.0,4.7528376789,4.7150223386,4.64877393323,4.55946285666,4.44722943035,4.31478885155,4.16237752336,3.9933705012,3.80749320207,3.60922386222,3.39710145088,3.1771559459,2.94688479194,2.71264244357,2.47115044644,2.22954427649,1.98421941388,1.74362991664,1.50252487948,1.26943650107,1.03794126875,0.816715312118,0.598962464055,0.392843613576,0.191141214251,0.00204057223082,-0.182304193695,-0.353781729115,-0.520139980895,-0.673992897126,-0.822786200933,-0.959629030172,-1.09159517553,-1.21235642089,-1.32843781539,-1.43435019244,-1.53524964143,-1.62729258496,-1.71656454117,-1.87275982121,-2.00523781481,-2.11498550732,-2.2014095153,-2.26233015275,-2.28485746877,-2.26236007446,-2.20135813557,-2.11488158703,-2.00516845805,-1.87275982121,-1.7165070234,-1.62726561721,-1.53521059137,-1.43439661953,-1.32847027716,-1.2123668574,-1.0916490239,-0.959669134541,-0.822811385369,-0.674018732658,-0.520163983253,-0.353785178957,-0.182302405327,0.00204061707066,0.191147158847,0.392858934038,0.598974787541,0.816745885245,1.03794131202,1.26945502748,1.50253883905,1.74357739787,1.98419290541,2.2295238858,2.4711502914,2.71266101145,2.9468874963,3.1772512402,3.39726350521,3.60939422525,3.80761742732,3.99343446677,4.16235020329,4.3147096727,4.4471481186,4.55930346793,4.64861277671,4.71485788946,4.7528376789
4.4,4.86441682175,4.84485741668,4.82172183954,4.78673107562,4.74909326686,4.70080356952,4.65251387218,4.59241913596,4.53232439973,4.39130511269,4.22947221477,4.05090797497,3.85509044318,3.64714984871,3.42567759939,3.19676727287,2.95763437283,2.71545606386,2.46641381007,2.21899419535,1.9694275607,1.72596670078,1.48294363708,1.24953023046,1.0185019162,0.799296139361,0.584319232007,0.382336668623,0.185426018474,0.00217454503439,-0.175929257826,-0.340251089293,-0.499509861985,-0.64547717712,-0.786482263514,-0.915113295082,-1.03940201172,-1.15219561975,-1.26032547232,-1.45473134114,-1.62337294621,-1.76864902758,-1.89225210768,-1.99519573945,-2.07702828857,-2.13524679157,-2.15689202645,-2.1353380525,-2.07702845893,-1.99514669586,-1.89220073778,-1.7686232033,-1.6232246716,-1.45467256777,-1.26027006983,-1.15213104417,-1.03936723643,-0.91507794371,-0.786475610235,-0.645463589627,-0.499493406681,-0.340254954747,-0.17592879644,0.00217226265748,0.185421764861,0.382338556003,0.58431309728,0.799289858445,1.01848366545,1.24950517796,1.48294416661,1.72596670078,1.96942567608,2.21907214154,2.4663458542,2.71543830753,2.95754259332,3.1967220115,3.42571693863,3.64719960581,3.85508524101,4.05084005973,4.22944084278,4.39114414393,4.53229223384,4.59239367079,4.65249510775,4.70083632997,4.74917755219,4.78681566418,4.82180673234,4.84489986141,4.86441682175
4.800000000000001,4.97502734612,4.95425073927,4.92696875633,4.88960270692,4.84719396336,4.79659597284,4.74288362641,4.68007958734,4.61408328996,4.53893918381,4.46379507766,4.378023948,4.29225281835,4.10381357076,3.8979463872,3.68023885374,3.44900176324,3.21098846314,2.96288019907,2.71275994301,2.45663667456,2.20406625043,1.95024374758,1.70429833273,1.45972674063,1.22652771076,0.996589477134,0.779975163927,0.568330561925,0.371180894556,0.179282937299,0.00228877035982,-0.169139621251,-0.32605998023,-0.47768330847,-0.615528344283,-0.748921264117,-0.869106858615,-0.985111629121,-1.19277709823,-1.37332492726,-1.52974268098,-1.66442779146,-1.77916027719,-1.87526273537,-1.95247152166,-2.00762277392,-2.02802265977,-2.00762277392,-1.95242116467,-1.87520098266,-1.77915729933,-1.66442148542,-1.52974399295,-1.37328311137,-1.19269566492,-0.985037010257,-0.869079779187,-0.748885853312,-0.615519374223,-0.477667338659,-0.326038855219,-0.169131547976,0.00229122743418,0.179276530234,0.371165957753,0.56831129289,0.779955667058,0.996586836632,1.2265244086,1.45970339822,1.70426819587,1.95025224561,2.20411743433,2.45664046013,2.712763775,2.96293547405,3.21104037226,3.44905641575,3.68028366016,3.89794976672,4.10384212701,4.29217690925,4.37794315809,4.46370940694,4.53889634845,4.61408328996,4.68007958734,4.74288362641,4.79659647188,4.84719495915,4.8896044265,4.9269711934,4.95425195776,4.97502734612
5.2,5.08449591179,5.06168055658,5.03027901138,4.99003891313,4.9432583179,4.88962553442,4.83085891107,4.7646943639,4.69273587296,4.61472365924,4.53306866816,4.4441704926,4.35154153601,4.25231056216,4.15307958832,4.04484852509,3.93661746186,3.7087690331,3.46754929574,3.22010050839,2.96324219017,2.70533201221,2.44250634668,2.18488650886,1.92688860299,1.67873086534,1.43294624951,1.20002120396,0.971918800299,0.758447966387,0.55077795925,0.358803552409,0.172682427453,0.00255922674663,-0.162023782716,-0.311291936615,-0.455423740276,-0.585167097242,-0.710944915768,-0.823600397428,-0.936255879089,-1.13501366666,-1.31210401724,-1.47211787132,-1.61938218579,-1.75261870929,-1.85955864737,-1.93717223474,-1.98423545876,-2.00000610426,-1.98423545876,-1.93717223474,-1.85955864737,-1.75261870929,-1.61938218579,-1.47204167607,-1.31187042998,-1.1349276508,-0.936241835682,-0.823593574211,-0.71094531274,-0.585161313537,-0.455435009229,-0.311302778154,-0.162031443907,0.00255815784293,0.172689080073,0.358821094462,0.550806328436,0.758482367561,0.971930762683,1.20005906993,1.43299224979,1.67877361224,1.92696020994,2.18487957309,2.44245976049,2.70526129895,2.96316835173,3.2201036342,3.46754425011,3.70876279526,3.93657282954,4.04479418351,4.15301553747,4.25228073898,4.35154594048,4.44417005751,4.53306339484,4.61470351426,4.6927004295,4.76455238953,4.83077158478,4.88953819783,4.94310179672,4.98995732459,5.03037796917,5.06177541437,5.08449591179
5.6000000000000005,5.19291563104,5.16756359506,5.13217824179,5.08835163129,5.0371458944,4.98009211975,4.9163211793,4.8459320363,4.7684354594,4.68653932382,4.59891552056,4.50571413734,4.40621796708,4.30374339627,4.19715007385,4.0857253264,3.97013605679,3.85108344836,3.73203083994,3.48051271722,3.22348147164,2.95728940121,2.69180713066,2.42259154134,2.16041884923,1.89899928319,1.649130356,1.40266460007,1.17085240644,0.944855094229,0.735038188717,0.531905123017,0.345679134813,0.165810518633,0.00264621105789,-0.154926609909,-0.297018065892,-0.435361132789,-0.559543031129,-0.681599940401,-0.901759534151,-1.10119029537,-1.28561563283,-1.45886726609,-1.6180389272,-1.75261870929,-1.85955864737,-1.93717223474,-1.98423545876,-2.00000610426,-1.98423545876,-1.93717223474,-1.85955864737,-1.75261870929,-1.6180389272,-1.45886726609,-1.28561579337,-1.10115929377,-0.901743332507,-0.681594331273,-0.559521232759,-0.435345666724,-0.297013673023,-0.154924834513,0.00264204523273,0.16581610816,0.345691155663,0.531909520569,0.735068465474,0.944860881051,1.17084779633,1.40268229482,1.64910158605,1.89898264493,2.16044483512,2.42270417451,2.69198514975,2.95741916875,3.22361866238,3.48061920141,3.7320906241,3.85114576322,3.97020090234,4.08580426967,4.19727675736,4.3038361825,4.40624655227,4.50583647345,4.59897011716,4.6865627688,4.76839279955,4.84583314828,4.91623157529,4.97995559506,5.03714093196,5.08830155331,5.13217542943,5.16751601071,5.19291563104
6.0,5.29973249007,5.27166821468,5.23219956812,5.18452123434,5.12912478975,5.06785491718,4.99927449514,4.92423289143,4.84160272486,4.75526023479,4.6619346374,4.56381415867,4.45832897719,4.35137825864,4.23843068443,4.12226690743,3.99932927985,3.87715545186,3.75034451786,3.61917366109,3.48800280433,3.22094408332,2.94554358369,2.67255754336,2.39738066364,2.13085532666,1.86621111122,1.61499613611,1.36847651728,1.13851802574,0.915486457086,0.710194270194,0.512494067205,0.332638082183,0.159280987076,0.0029034551354,-0.148802702328,-0.285133897289,-0.418975575901,-0.660409460561,-0.880039001101,-1.08373841299,-1.27622150329,-1.45794170466,-1.6180389272,-1.75261870929,-1.85955864737,-1.93717223474,-1.98423545876,-2.00000610426,-1.98423545876,-1.93717223474,-1.85955864737,-1.75261870929,-1.6180389272,-1.45794170466,-1.27622150329,-1.08373841299,-0.880042399221,-0.660514202868,-0.418999320284,-0.285132287301,-0.148807197935,0.00290368552827,0.159279094598,0.332635890949,0.51248449705,0.710195008171,0.91548919005,1.13855729937,1.36854740948,1.61502672648,1.86619798291,2.13086844794,2.39740271103,2.67249213134,2.94547158326,3.22090727483,3.48799851131,3.61914747558,3.75029643986,3.8770739218,3.99926801399,4.12220410941,4.23836635392,4.35131092258,4.4583354608,4.56382380108,4.66194743357,4.75526748565,4.84160441372,4.92420522715,4.99928818278,5.06783028853,5.12919942721,5.18453595984,5.2322073327,5.27162458143,5.29973249007
6.4,5.404871673,5.3733776418,5.32992775875,5.27837377168,5.21865875052,5.15295051392,5.07927292142,4.99917634229,4.91129064392,4.81974236414,4.72058324847,4.61685837511,4.50564195382,4.39353576566,4.27456520464,4.15287361226,4.02399031093,3.89715471685,3.76306863818,3.62901293959,3.4895113373,3.35078209647,3.21205285564,2.92737280044,2.64711008873,2.36605039961,2.09565904992,1.82845896516,1.57657529277,1.33139567924,1.10423831161,0.885176370102,0.685557084059,0.49350213239,0.320282400549,0.153353604504,0.00297126833548,-0.143845425333,-0.276023635919,-0.407295280049,-0.646057641478,-0.866810074807,-1.07490846457,-1.2748518705,-1.45794170466,-1.6180389272,-1.75261870929,-1.85955864737,-1.93717223474,-1.98423545876,-2.00000610426,-1.98423545876,-1.93717223474,-1.85955864737,-1.75261870929,-1.6180389272,-1.45794170466,-1.2748518705,-1.07490846457,-0.866731878771,-0.64603478472,-0.407288132567,-0.276021163359,-0.14385207714,0.00297052884165,0.153355256169,0.320282759595,0.493500193075,0.685563192721,0.885197729931,1.10424362962,1.33139757089,1.57654122189,1.82843934314,2.0956175648,2.36601546689,2.64708320721,2.92734587455,3.21204348028,3.35078958953,3.48953569878,3.6290579624,3.7631349905,3.89724150934,4.02404124558,4.15287337465,4.27463726775,4.39365590347,4.50581164774,4.61701173049,4.72074895307,4.81981552774,4.91134319776,4.99929227883,5.07944913793,5.15313029345,5.21877878609,5.27843203301,5.33003078806,5.37343070925,5.404871673
6.800000000000001,5.50773727678,5.47274326026,5.4249260855,5.36904960171,5.30482367202,5.23447886703,5.15559982319,5.07037795042,4.97711715676,4.88028237031,4.77538423463,4.66582387648,4.54879100602,4.43106670729,4.30584216794,4.17806768377,4.04327865013,3.91045038875,3.7704566785,3.63130518097,3.48392458538,3.3430177419,3.19637496029,3.04956592638,2.90275689246,2.61541150757,2.3286318299,2.05479524469,1.78585207409,1.53471219576,1.29204547102,1.06948935846,0.856065747139,0.66296505618,0.477328352899,0.310529740774,0.148705434973,0.00327472290059,-0.14001615536,-0.399198465389,-0.636987666911,-0.859742913151,-1.07249419236,-1.2748518705,-1.45794170466,-1.6180389272,-1.75261870929,-1.85955864737,-1.93717223474,-1.98423545876,-2.00000610426,-1.98423545876,-1.93717223474,-1.85955864737,-1.75261870929,-1.6180389272,-1.45794170466,-1.2748518705,-1.07249419236,-0.859742913151,-0.637071149784,-0.399267013084,-0.140049701164,0.00327928658841,0.14873201255,0.31056884563,0.477354925802,0.662969537153,0.856073779359,1.06949385491,1.29210175422,1.53475349069,1.78591481468,2.05481996271,2.32863247058,2.61545479318,2.90276931689,3.04960501509,3.1964407133,3.34306598516,3.48395533749,3.63126318656,3.77044502803,3.91046004665,4.0433078346,4.17808897219,4.30578928709,4.43104023721,4.54872389182,4.66572495429,4.77523106209,4.88026549445,4.97723095677,5.07041257484,5.15564564429,5.23454816276,5.30491540119,5.36911724102,5.42495094183,5.47265933202,5.50773727678
7.2,5.607851294,5.5697695307,5.51804687959,5.45792461212,5.38896765384,5.31361661123,5.22938319281,5.13870260081,5.03974619598,4.93697245747,4.82581032879,4.7103670773,4.58725193762,4.46346402223,4.33169503479,4.19784286404,4.05662219075,3.91749543587,3.77142313184,3.625746238,3.47301996337,3.32739533825,3.17394557425,3.02588150493,2.87168297583,2.57781463378,2.28608359872,2.00985726189,1.74046711945,1.49145811685,1.25276566125,1.03595883122,0.828942552316,0.642604071612,0.463161541915,0.302015615724,0.144870672098,0.00339141728487,-0.137108573797,-0.392908183053,-0.630086122017,-0.854668556101,-1.07165686078,-1.2748518705,-1.45794170466,-1.6180389272,-1.75261870929,-1.85955864737,-1.93717223474,-1.98423545876,-2.00000610426,-1.98423545876,-1.93717223474,-1.85955864737,-1.75261870929,-1.6180389272,-1.45794170466,-1.2748518705,-1.07165686078,-0.854668556101,-0.630123920403,-0.392918185692,-0.137122061869,0.00339036175271,0.144884767663,0.3020393067,0.463200570992,0.642626246751,0.828956470871,1.03596545431,1.25282439121,1.49150769361,1.7405367861,2.00994890872,2.28612635514,2.57778231145,2.87161652921,3.02578529264,3.17384922132,3.32726832849,3.47295348949,3.62572832648,3.77143990402,3.91753199144,4.05662841998,4.19781496923,4.33156666531,4.46335683489,4.58715501847,4.71033837184,4.8257945643,4.93698493861,5.03979023982,5.13879707335,5.22950232732,5.313727585,5.38901106349,5.45788148004,5.51797727307,5.56970130703,5.607851294
7.6000000000000005,5.70555433913,5.66355327414,5.60760654558,5.54329157884,5.4693299358,5.38862934931,5.29875866509,5.20270142215,5.09774818234,4.98908344281,4.87154627213,4.75007836083,4.62043396921,4.49018657718,4.35121905263,4.21050299181,4.0626515313,3.91822441941,3.76554183556,3.61376573766,3.45554388244,3.30400258014,3.14648642218,2.99402325728,2.83394213384,2.68412860979,2.53431508574,2.23902558409,1.96220169186,1.69443714429,1.44951889868,1.21621892234,1.00585547951,0.8053471101,0.625385895217,0.451491941111,0.295190505355,0.141874107628,-0.135050343568,-0.38868310628,-0.626018213777,-0.852850319841,-1.07165686078,-1.2748518705,-1.45794170466,-1.6180389272,-1.75261870929,-1.85955864737,-1.93717223474,-1.98423545876,-2.00000610426,-1.98423545876,-1.93717223474,-1.85955864737,-1.75261870929,-1.6180389272,-1.45794170466,-1.2748518705,-1.07165686078,-0.852850319841,-0.626018213777,-0.388682685211,-0.135050567846,0.141866767762,0.295180019782,0.451460750677,0.625335601834,0.805323450723,1.00583687521,1.21618816045,1.44949586557,1.6944549157,1.96222756254,2.23895869805,2.53427332895,2.68408758303,2.83390183711,2.99402607807,3.14648765432,3.3040090471,3.45555359554,3.61375994703,3.76553939496,3.9182104975,4.06265158559,4.21050349184,4.35128618216,4.49023183422,4.62058107429,4.75011405713,4.87154627213,4.98908309197,5.0977474815,5.20268555491,5.29880417835,5.38867171847,5.46932879334,5.54326946713,5.60765919223,5.66355440216,5.70555433913
8.0,5.80137705483,5.75497067954,5.69390850162,5.62433326291,5.54508663922,5.45950990468,5.3646014533,5.2629985819,5.15192691503,5.03708129192,4.91321947759,4.78507042242,4.64811157192,4.51104222336,4.36561712431,4.21888237778,4.06399051886,3.91246085035,3.75265613119,3.59511111522,3.43034455678,3.27403430277,3.11201040763,2.95428009854,2.78934416872,2.64036541772,2.48508455063,2.18788849768,1.91218240532,1.64890405934,1.4099737858,1.18339417024,0.97988327157,0.785573880952,0.611266144967,0.442115711762,0.289949833404,0.139510525115,-0.133328795449,-0.385226657144,-0.62282608611,-0.851769107624,-1.07165686078,-1.2748518705,-1.45794170466,-1.6180389272,-1.75261870929,-1.85955864737,-1.93717223474,-1.98423545876,-2.00000610426,-1.98423545876,-1.93717223474,-1.85955864737,-1.75261870929,-1.6180389272,-1.45794170466,-1.2748518705,-1.07165686078,-0.851769107624,-0.622821950443,-0.385208942657,-0.133322705363,0.139502360251,0.289938790456,0.442127128326,0.611296053077,0.78558163897,0.979883203502,1.1833584447,1.40996038369,1.648885591,1.91211783307,2.18784273719,2.48500892296,2.64031624735,2.78938405192,2.95428999058,3.11203403076,3.27406471473,3.43039425806,3.59524207842,3.75271979848,3.91252824819,4.06398048473,4.21886258098,4.36565137843,4.51115523036,4.64822448586,4.7851153123,4.9132658284,5.0370867459,5.15192691486,5.26295283173,5.36455166657,5.45960537992,5.54517985464,5.62430522535,5.69385391496,5.75491589734,5.80137705483
8.4,5.89490789901,5.84446021964,5.77869733115,5.70418654511,5.61928409826,5.52765757033,5.42626245136,5.31824619092,5.2004588762,5.07906735457,4.94836716179,4.81388070466,4.67012764437,4.52634603144,4.37362726969,4.21982957692,4.057238448,3.89832629687,3.73107024052,3.56727374008,3.39726231774,3.23701759876,3.06934979056,2.90728523578,2.73933814492,2.58905218665,2.43247986681,2.1357425887,1.86386256441,1.60631043449,1.37427338718,1.15453806333,0.957517767624,0.768964841238,0.599631501604,0.434402926966,0.285553937078,0.137566935175,-0.131924899289,-0.382463581217,-0.6205218561,-0.851561182198,-1.07165686078,-1.2748518705,-1.45794170466,-1.6180389272,-1.75261870929,-1.85955864737,-1.93717223474,-1.98423545876,-2.00000610426,-1.98423545876,-1.93717223474,-1.85955864737,-1.75261870929,-1.6180389272,-1.45794170466,-1.2748518705,-1.07165686078,-0.851561182198,-0.6205218561,-0.382463581217,-0.131924993405,0.137565366634,0.285547582633,0.43439335442,0.599574409281,0.768914614244,0.957459210122,1.15444322991,1.37421988387,1.60626262385,1.86380442704,2.1356965102,2.43236050586,2.5889952713,2.73929746426,2.90733043918,3.06934190591,3.23699006181,3.39726185919,3.56730511301,3.73111728721,3.89839345606,4.05727635597,4.21992119313,4.37367011137,4.52639129245,4.67018265744,4.8140169149,4.948526412,5.079143808,5.20049678311,5.31821907233,5.4261933753,5.52763096226,5.61923331442,5.70412546594,5.77869924511,5.84446331185,5.89490789901
8.8,5.9847474308,5.93042807795,5.85988690642,5.78017769312,5.68948450167,5.59201319183,5.48429343617,5.36976145479,5.24499227479,5.11686871305,4.97925354477,4.83759803738,4.68597216742,4.53493916834,4.37463594021,4.21325130107,4.04235817775,3.87634834916,3.70288141732,3.53394378198,3.35844017711,3.19321931452,3.02058117366,2.855472105,2.68557405928,2.53497825762,2.3784281477,2.08485455572,1.81888233566,1.56840217082,1.34362355123,1.13035798932,0.939241905445,0.755465652494,0.590245787105,0.428239977927,0.28208426685,0.13605795713,-0.130891733274,-0.380632260448,-0.619424206824,-0.851561182198,-1.07165686078,-1.2748518705,-1.45794170466,-1.6180389272,-1.75261870929,-1.85955864737,-1.93717223474,-1.98423545876,-2.00000610426,-1.98423545876,-1.93717223474,-1.85955864737,-1.75261870929,-1.6180389272,-1.45794170466,-1.2748518705,-1.07165686078,-0.851561182198,-0.619424206824,-0.380604350455,-0.130871509285,0.136027840827,0.282025411981,0.428138552636,0.59006221221,0.755258100932,0.938904937729,1.12992095602,1.34319251402,1.56813256095,1.8188318945,2.08484894229,2.37846258261,2.53498990909,2.68560559843,2.85544879201,3.02063191971,3.19332997657,3.3586125934,3.53406520049,3.70300525389,3.87642458334,4.04236881881,4.21332953887,4.37468461512,4.53502793115,4.68604777559,4.83768413017,4.97936360019,5.11694349939,5.2449406297,5.36979894816,5.48424637696,5.59190770383,5.68947226265,5.78014258707,5.85988663832,5.93045135196,5.9847474308
9.200000000000001,6.07230683345,6.01298395635,5.93674737856,5.85143380426,5.75507464475,5.65177871758,5.53757265448,5.41655032971,5.28467245048,5.14965649649,5.00454479066,4.85518063108,4.69542989788,4.53672093952,4.36822102661,4.19861583543,4.01940258501,3.84714198773,3.66739628204,3.49229473329,3.31117856141,3.14232289724,2.96689314964,2.80071677182,2.63055200214,2.48088570611,2.3257605299,2.03691843947,1.77719998183,1.53312340337,1.31508178388,1.10799133401,0.922196669949,0.742863854147,0.581360117428,0.422370274106,0.134753935319,-0.130016475497,-0.379157655293,-0.618760222072,-0.851561182198,-1.07165686078,-1.2748518705,-1.45794170466,-1.6180389272,-1.75261870929,-1.85955864737,-1.93717223474,-1.98423545876,-2.00000610426,-1.98423545876,-1.93717223474,-1.85955864737,-1.75261870929,-1.6180389272,-1.45794170466,-1.2748518705,-1.07165686078,-0.851561182198,-0.618760222072,-0.379173609902,-0.130011514239,0.134759014422,0.422434620832,0.581467246581,0.743013620426,0.922412219001,1.10820977754,1.31542587772,1.53357932927,1.77745612757,2.03698343501,2.32574940388,2.48086077103,2.63051886921,2.80068933942,2.9668646545,3.14223995282,3.31121479001,3.49226661558,3.66734043112,3.84704197524,4.01938974535,4.19865832419,4.36831420484,4.53677427787,4.69550009851,4.85519071659,5.00458804088,5.14962989814,5.28453132671,5.41640714564,5.5375554258,5.65171936555,5.75500405872,5.85137107721,5.9366311523,6.01295145807,6.07230683345
9.600000000000001,6.15720267141,6.09340197002,6.01143369979,5.91982339923,5.81645120946,5.706120446,5.58465897268,5.45632322438,5.31678247841,5.17421302032,5.02090864583,4.86358215442,4.69511732067,4.52816641749,4.35125492657,4.17429002152,3.98821543189,3.81025389712,3.62455955331,3.44516830346,3.2593758177,3.08716173379,2.91007514749,2.74418816523,2.57531150856,2.42528116991,2.27525083125,1.99296633152,1.74046473491,1.5034529888,1.29158942873,1.08966562066,0.908433087823,0.732676039771,0.574284830757,0.417721204435,0.133610679607,-0.129230284145,-0.37782322477,-0.61809623732,-0.851561182198,-1.07165686078,-1.2748518705,-1.45794170466,-1.6180389272,-1.75261870929,-1.85955864737,-1.93717223474,-1.98423545876,-2.00000610426,-1.98423545876,-1.93717223474,-1.85955864737,-1.75261870929,-1.6180389272,-1.45794170466,-1.2748518705,-1.07165686078,-0.851561182198,-0.61809623732,-0.37782322477,-0.129230284145,0.133607893919,0.417713103943,0.574272222999,0.732704475235,0.908451065074,1.08968683967,1.29167432797,1.50355461781,1.74063196889,1.9930436758,2.27528875674,2.5752016885,2.74408285916,2.90995498246,3.08707127394,3.25927036087,3.44512355741,3.62453284579,3.81022042107,3.98828479909,4.17439850904,4.35136912596,4.52827874261,4.69518670726,4.86360883372,5.02092731931,5.17427974579,5.31688032152,5.45640862655,5.58470799195,5.70609145065,5.8163111811,5.91971654331,6.01137995983,6.09337802228,6.15720267141
10.0,6.23982178328,6.17110409623,6.08329674491,5.98559747704,5.87572520352,5.75875772763,5.62992324411,5.49403046832,5.34646710095,5.19590723609,5.03373167732,4.8674264249,4.68973031371,4.51434449952,4.32845826157,4.14282558218,3.94865844981,3.76451382668,3.57371790597,3.39083843198,3.2024393892,3.02970903295,2.85302895604,2.68918606158,2.52272189291,2.22847117874,1.95384622735,1.70858160361,1.47783984135,1.27145626211,1.07395943148,0.896640940078,0.723982545316,0.568226307618,0.413784942144,0.132664279329,-0.128616796371,-0.3769079592,-0.61803587507,-0.851561182198,-1.07165686078,-1.2748518705,-1.45794170466,-1.6180389272,-1.75261870929,-1.85955864737,-1.93717223474,-1.98423545876,-2.00000610426,-1.98423545876,-1.93717223474,-1.85955864737,-1.75261870929,-1.6180389272,-1.45794170466,-1.2748518705,-1.07165686078,-0.851561182198,-0.61803587507,-0.3769079592,-0.128616796371,0.132664174417,0.413782527495,0.568222548506,0.723974987231,0.896555876289,1.07390943867,1.27137150664,1.47776467206,1.7085117356,1.95386206033,2.22840538643,2.52272357363,2.68914581456,2.85307521951,3.02975990932,3.20250847351,3.39097134656,3.57380968304,3.7645794836,3.94872881438,4.14293860752,4.32856534852,4.5144499131,4.68977414257,4.86736733783,5.0336702619,5.19584387259,5.34643270077,5.49394974833,5.6298520303,5.75853542286,5.87558478702,5.98547789093,6.08323769623,6.17104294846,6.23982178328
10.4,6.31725365516,6.24312649524,6.14880443279,6.04441008476,5.92747884122,5.80366284248,5.66775058139,5.52464884214,5.36901408533,5.2100342471,5.03848776431,4.86308576767,4.67604191201,4.49162651797,4.29662630923,4.10343290958,3.90245763412,3.71262274375,3.5175527018,3.33251314198,3.14327622568,2.9716606798,2.79725956844,2.63647733646,2.47348103721,2.18639029596,1.91899924551,1.6802746357,1.45512212981,1.25357403262,1.06010717702,0.886262166176,0.71637968079,0.563129708232,0.410375466082,0.131855615582,-0.128103409523,-0.376154663476,-0.61803587507,-0.851561182198,-1.07165686078,-1.2748518705,-1.45794170466,-1.6180389272,-1.75261870929,-1.85955864737,-1.93717223474,-1.98423545876,-2.00000610426,-1.98423545876,-1.93717223474,-1.85955864737,-1.75261870929,-1.6180389272,-1.45794170466,-1.2748518705,-1.07165686078,-0.851561182198,-0.61803587507,-0.376154663476,-0.128103409523,0.131855615582,0.410375466082,0.563120070014,0.716371895693,0.886270603085,1.06017507422,1.25365037312,1.45524549607,1.68044615302,1.91922483424,2.18659724882,2.47362700916,2.63654213199,2.79730791591,2.97165366155,3.14330539981,3.33247171437,3.51758178269,3.71258545256,3.90249408698,4.10349316051,4.29662498884,4.49162672314,4.67606221365,4.86313362838,5.03859069285,5.21012609829,5.36901542616,5.52462844233,5.66778630324,5.80363969095,5.92749748005,6.04447943311,6.14887341423,6.24317903706,6.31725365516
10.8,6.39348531794,6.31378305068,6.2128271412,6.10140305638,5.97677617238,5.84493407779,5.70007175887,5.54779730804,5.38269526884,5.21428601462,5.03270403933,4.84778138681,4.65132636135,4.45826910748,4.25469964612,4.05563739512,3.8494168765,3.65647688648,3.45980125337,3.27496162819,3.08665464115,2.91772257806,2.7465415119,2.58943127573,2.43021872568,2.15026460896,1.88948668501,1.65649449499,1.43610284036,1.23871648065,1.04864367201,0.877730330005,0.710164025923,0.558891875745,0.407653114263,0.131240881465,-0.127745716031,-0.375825242047,-0.61803587507,-0.851561182198,-1.07165686078,-1.2748518705,-1.45794170466,-1.6180389272,-1.75261870929,-1.85955864737,-1.93717223474,-1.98423545876,-2.00000610426,-1.98423545876,-1.93717223474,-1.85955864737,-1.75261870929,-1.6180389272,-1.45794170466,-1.2748518705,-1.07165686078,-0.851561182198,-0.61803587507,-0.375843543237,-0.12774733409,0.131231124045,0.407622481009,0.558743607629,0.710105638657,0.877679957348,1.04858175346,1.2386843379,1.43607556272,1.6563905904,1.88934158895,2.15013489255,2.43006615579,2.58931972506,2.74651313143,2.9178616207,3.08702401579,3.27557965099,3.46047021645,3.65712540104,3.84992956231,4.05600754421,4.25498402896,4.45842319195,4.65140561984,4.847762664,5.03261162427,5.21416696846,5.38257639423,5.54776412648,5.70005956441,5.84493205395,5.97692552718,6.10156708142,6.21294342591,6.31395626478,6.39348531794
11.200000000000001,6.46358575459,6.37802364644,6.26994427976,6.15128608563,6.0190292773,5.87970534153,5.72689631143,5.56628554229,5.39139546475,5.21308939535,5.02142696376,4.82716083908,4.62048924868,4.4186761881,4.20800388141,4.00317084213,3.7921647846,3.5970812198,3.40076640931,3.21747597125,3.03165551275,2.86628461303,2.69901210048,2.54567189715,2.3903297945,2.1172674458,1.8624712605,1.63470246617,1.4186547443,1.22506361215,1.03802570571,0.869789985108,0.704324478667,0.554883117192,0.405103004057,0.130656860377,-0.127407062359,-0.375495820617,-0.61803587507,-0.851561182198,-1.07165686078,-1.2748518705,-1.45794170466,-1.6180389272,-1.75261870929,-1.85955864737,-1.93717223474,-1.98423545876,-2.00000610426,-1.98423545876,-1.93717223474,-1.85955864737,-1.75261870929,-1.6180389272,-1.45794170466,-1.2748518705,-1.07165686078,-0.851561182198,-0.61803587507,-0.375495820617,-0.127395497911,0.130640283492,0.405010891891,0.554776338497,0.704199532214,0.869614245412,1.03780101531,1.2247844891,1.41827393332,1.63429126798,1.86201015226,2.11676394915,2.38966995908,2.54511338461,2.69849492648,2.86572973099,3.0312701349,3.21715574844,3.40055089322,3.59687567404,3.7920354854,4.00317069399,4.20797768873,4.41870548632,4.62057455332,4.82714202243,5.02135288506,5.21301467464,5.39126723414,5.56612783387,5.72681085044,5.87967494902,6.01898491981,6.15122701323,6.26994528208,6.37802382344,6.46358575459
11.600000000000001,6.53210571198,6.44051680247,6.3252184409,6.19892145862,6.05808650229,5.90966131082,5.74727211951,5.57658718299,5.3907832181,5.20184134433,4.9998555176,4.79566368481,4.57952142645,4.37025697733,4.1536735814,3.94534208976,3.73208705317,3.53732189794,3.34072151141,3.15859625353,2.97547375593,2.81374527616,2.65033969163,2.35126300264,2.08486405445,1.83568446535,1.61291451819,1.40098827499,1.21047654151,1.02702385204,0.861493442314,0.698158228455,0.402695097986,0.130099814271,-0.127081424507,-0.375166399188,-0.61803587507,-0.851561182198,-1.07165686078,-1.2748518705,-1.45794170466,-1.6180389272,-1.75261870929,-1.85955864737,-1.93717223474,-1.98423545876,-2.00000610426,-1.98423545876,-1.93717223474,-1.85955864737,-1.75261870929,-1.6180389272,-1.45794170466,-1.2748518705,-1.07165686078,-0.851561182198,-0.61803587507,-0.375166399188,-0.127081424507,0.130099814271,0.402691283656,0.698128739597,0.86146191304,1.02702385204,1.21045842994,1.40087095622,1.61272594018,1.83550588017,2.0846341204,2.35107176958,2.64994017801,2.81348507711,2.97524311203,3.15841469609,3.34059560377,3.5372940951,3.731962049,3.9452318957,4.15353701913,4.3701679535,4.5794880454,4.79571436487,4.99976685147,5.20186106975,5.3907817715,5.57656403468,5.74723855874,5.90969497608,6.05813131071,6.19893797398,6.32528008647,6.44053014118,6.53210571198
12.0,6.59514837594,6.49696042238,6.3736687895,6.23943437025,6.09032916051,5.93378887067,5.76182015144,5.58070473044,5.38343813983,5.18433332018,4.97164536092,4.75734998351,4.53108065817,4.31533064224,4.09486443774,3.88477436746,3.67195967795,3.47902904936,3.28521566937,3.10697623392,2.92802788763,2.77008417454,2.61028574152,2.31792828293,2.05735125323,1.8131587977,1.59468299385,1.38636119428,1.19907634122,1.01817234839,0.854861543031,0.693298359018,0.400529726363,0.129603240498,-0.126784641325,-0.374836977758,-0.61803587507,-0.851561182198,-1.07165686078,-1.2748518705,-1.45794170466,-1.6180389272,-1.75261870929,-1.85955864737,-1.93717223474,-1.98423545876,-2.00000610426,-1.98423545876,-1.93717223474,-1.85955864737,-1.75261870929,-1.6180389272,-1.45794170466,-1.2748518705,-1.07165686078,-0.851561182198,-0.61803587507,-0.374836977758,-0.126784641325,0.129603240498,0.400512515206,0.69326362389,0.854822735293,1.01811171149,1.19900986965,1.38632277701,1.59464318828,1.81313064903,2.05730662631,2.31791677433,2.61034367563,2.77011112565,2.92805841709,3.10694137702,3.28512790797,3.47897642392,3.67190545704,3.88475901377,4.09491153822,4.3154057793,4.53115083714,4.75730811088,4.97151611897,5.18413528256,5.38328376224,5.58062246968,5.76184206415,5.93386067284,6.09044281042,6.2394970916,6.37377777158,6.49701705555,6.59514837594
12.4,6.6543600956,6.54999624708,6.4189554971,6.27572933021,6.11654934943,5.94954656283,5.76596539814,5.57300271874,5.36392049216,5.15445964316,4.93214946219,4.70919727882,4.47628902591,4.25731502815,4.03539039372,3.82595344949,3.6150589337,3.42550472459,3.23523845807,3.06089643617,2.88563961669,2.73136701046,2.57506089405,2.28852594264,2.03316225817,1.79332926882,1.57872642886,1.37355323953,1.18906311708,1.01040623257,0.849087623904,0.689121208161,0.398714114337,0.129204104467,-0.126576523358,-0.374763772996,-0.61803587507,-0.851561182198,-1.07165686078,-1.2748518705,-1.45794170466,-1.6180389272,-1.75261870929,-1.85955864737,-1.93717223474,-1.98423545876,-2.00000610426,-1.98423545876,-1.93717223474,-1.85955864737,-1.75261870929,-1.6180389272,-1.45794170466,-1.2748518705,-1.07165686078,-0.851561182198,-0.61803587507,-0.374763772996,-0.12657629607,0.129203587447,0.398703315946,0.689086302829,0.849067131229,1.01036586092,1.18902335825,1.37351394817,1.57867883171,1.79324735643,2.03306012399,2.28843631812,2.57485130528,2.73115830486,2.88539793772,3.06063156218,3.23491101849,3.42502945435,3.61483110459,3.82577278529,4.03517854217,4.25714454509,4.47609655603,4.70908516052,4.93255586785,5.15579712387,5.36581376312,5.57457645885,5.76658172443,5.94952044997,6.11646980417,6.27575354501,6.41900870832,6.55005010541,6.6543600956
12.8,6.70896609418,6.5971202461,6.45724145478,6.30557268664,6.13711975854,5.95995407752,5.76469025775,5.55997617166,5.33965661045,5.11995047143,4.88695107824,4.65594025071,4.41799964939,4.19636186426,3.97517057673,3.76834965169,3.56084311805,3.37485250372,3.1886596574,3.01798693821,2.84638886776,2.69558370225,2.5425256177,2.261541051,2.01097952235,1.7751944852,1.56414506556,1.36191231293,1.18000200786,1.00338697742,0.843884337939,0.685342859162,0.397085890782,0.128860013076,-0.126409522609,-0.374763772996,-0.61803587507,-0.851561182198,-1.07165686078,-1.2748518705,-1.45794170466,-1.6180389272,-1.75261870929,-1.85955864737,-1.93717223474,-1.98423545876,-2.00000610426,-1.98423545876,-1.93717223474,-1.85955864737,-1.75261870929,-1.6180389272,-1.45794170466,-1.2748518705,-1.07165686078,-0.851561182198,-0.61803587507,-0.374763772996,-0.12640999388,0.128859771097,0.397086422564,0.685331643771,0.843862513476,1.00336526861,1.17994607216,1.36186069238,1.56412640702,1.77514824602,2.01090954156,2.26151840286,2.54258703557,2.69563901587,2.84645400824,3.01805900477,3.18873847876,3.37500039237,3.5609693867,3.76826043985,3.97500865296,4.1962458508,4.41787313397,4.65596315823,4.88700137338,5.1199935381,5.33969665864,5.55997325314,5.76469771999,5.9599873719,6.13720395849,6.30564338861,6.45735028767,6.59726127758,6.70896609418
13.200000000000001,6.76083034716,6.64207460475,6.49287642515,6.33058594374,6.15027169067,5.96046329155,5.75176683884,5.53480964767,5.30290415773,5.07336123798,4.83270592424,4.59704592641,4.35766519233,4.13747064044,3.91713203018,3.71277939029,3.50878787379,3.32697896463,3.14432673571,2.97733500048,2.80897697772,2.51314464613,2.23707404865,1.99082026087,1.75869750732,1.55016831935,1.35128205788,1.1717202397,0.996998124594,0.839141642963,0.681934983268,0.395631588158,0.128545343186,-0.126254388512,-0.374763772996,-0.61803587507,-0.851561182198,-1.07165686078,-1.2748518705,-1.45794170466,-1.6180389272,-1.75261870929,-1.85955864737,-1.93717223474,-1.98423545876,-2.00000610426,-1.98423545876,-1.93717223474,-1.85955864737,-1.75261870929,-1.6180389272,-1.45794170466,-1.2748518705,-1.07165686078,-0.851561182198,-0.61803587507,-0.374763772996,-0.126247873312,0.128541098197,0.395633125632,0.681922379367,0.839141900382,0.996999480421,1.17173338392,1.35128190988,1.55017294747,1.75860665636,1.99074642056,2.2369351351,2.51303206336,2.80873465777,2.97706868574,3.14408356983,3.32670388888,3.50849517042,3.71243420122,3.91696326364,4.13741625447,4.35765574026,4.59698752346,4.83260822115,5.07324435555,5.3028186693,5.53473312363,5.75167467729,5.96040983733,6.15027828839,6.3306288734,6.49292062635,6.64207295021,6.76083034716
13.600000000000001,6.80659117522,6.679697349,6.52112089471,6.34883013829,6.15659911265,5.95395195203,5.73186337321,5.50220135135,5.25880783986,5.02076776143,4.7745592805,4.53732602411,4.29864044662,4.08085890735,3.86396521371,3.66314666926,3.46311830547,3.28475429933,3.10572143112,2.9420742502,2.77671214105,2.48539653958,2.21467533259,1.97242322812,1.7436880701,1.53814882221,1.3416782422,1.16427329145,0.99122755126,0.834890257187,0.678922166653,0.394349516602,0.128282933954,-0.126145624795,-0.374763772996,-0.61803587507,-0.851561182198,-1.07165686078,-1.2748518705,-1.45794170466,-1.6180389272,-1.75261870929,-1.85955864737,-1.93717223474,-1.98423545876,-2.00000610426,-1.98423545876,-1.93717223474,-1.85955864737,-1.75261870929,-1.6180389272,-1.45794170466,-1.2748518705,-1.07165686078,-0.851561182198,-0.61803587507,-0.374763772996,-0.126145624795,0.128282933954,0.394349967563,0.678922166653,0.834858078769,0.991186896718,1.16422384589,1.34159117807,1.53803485763,1.74351175815,1.97232429467,2.21455642371,2.48535073061,2.77671218399,2.94202984199,3.10568954903,3.28478229645,3.46316564608,3.66319936944,3.86407893347,4.08070236583,4.29837488204,4.53714191002,4.77447919346,5.02085586884,5.25885120962,5.50233441786,5.73193464323,5.95400382746,6.15659016824,6.34889248861,6.52109214576,6.67964459168,6.80659117522
14.0,6.84633321057,6.71078508749,6.54086674032,6.35616350322,6.14978001734,5.933718446,5.69958303027,5.46020180196,5.20795780516,4.96424337981,4.71506021239,4.47795929447,4.24191762526,4.02774395241,3.81450511339,3.6175198249,3.42087272269,3.24618538999,3.07019818955,2.9094639694,2.74712823546,2.46060227583,2.19404755595,1.95551408898,1.72981015465,1.52698997901,1.33276625802,1.15739546787,0.985923499014,0.830981068681,0.676172762828,0.39323601266,0.128060565214,-0.126059767901,-0.374763772996,-0.61803587507,-0.851561182198,-1.07165686078,-1.2748518705,-1.45794170466,-1.6180389272,-1.75261870929,-1.85955864737,-1.93717223474,-1.98423545876,-2.00000610426,-1.98423545876,-1.93717223474,-1.85955864737,-1.75261870929,-1.6180389272,-1.45794170466,-1.2748518705,-1.07165686078,-0.851561182198,-0.61803587507,-0.374763772996,-0.126059767901,0.128057323527,0.39324274425,0.676224284942,0.831040707659,0.98593698762,1.15740642578,1.33277878308,1.52700442883,1.72977973792,1.95551619486,2.19406524408,2.46062887776,2.74713402264,2.90947790876,3.0702514928,3.24613354901,3.42094959181,3.61763948938,3.81464335999,4.02789471132,4.24204962022,4.47809951861,4.715030787,4.96419730707,5.2079478999,5.46020287894,5.69960877579,5.93375286757,6.14978249641,6.35616093944,6.54096056516,6.71095233109,6.84633321057
14.4,6.879712309,6.73442589066,6.55205554023,6.35407875642,6.13441974977,5.90618658007,5.6598720665,5.41041743551,5.15104938258,4.90433540331,4.65564498845,4.42122621332,4.18822880101,3.97794843599,3.76826642812,3.57490575326,3.38134743961,3.20963545775,3.03690414653,2.8789943123,2.71938361296,2.43744374021,2.17478413282,1.93968436176,1.7168368174,1.51657934755,1.32440722907,1.1509641787,0.980991537149,0.82732972347,0.673631853561,0.392150029507,0.127836551246,-0.125973911007,-0.374763772996,-0.61803587507,-0.851561182198,-1.07165686078,-1.2748518705,-1.45794170466,-1.6180389272,-1.75261870929,-1.85955864737,-1.93717223474,-1.98423545876,-2.00000610426,-1.98423545876,-1.93717223474,-1.85955864737,-1.75261870929,-1.6180389272,-1.45794170466,-1.2748518705,-1.07165686078,-0.851561182198,-0.61803587507,-0.374763772996,-0.125973911007,0.127836551246,0.392150029507,0.673631853561,0.827371187092,0.981044309846,1.15103819922,1.32450639054,1.51669914452,1.7169747227,1.93987176432,2.17495619178,2.43761178299,2.71953471874,2.87922206328,3.03714425893,3.20975290258,3.38147489865,3.57501605185,3.76836246516,3.97790489014,4.18826601387,4.42128824496,4.65578800644,4.90443237467,5.15100600803,5.41041231074,5.65982631381,5.90610555919,6.13441343473,6.35407611879,6.55213358765,6.7345787166,6.879712309
14.8,6.90701771615,6.75268339716,6.55798804688,6.34557725074,6.11023287609,5.86846412822,5.6111967103,5.35454145371,5.09159316765,4.8449619932,4.5981875868,4.36702044751,4.13752986714,3.93061389156,3.72466897169,3.53430714764,3.34403522847,3.17550311926,3.00561672019,2.85034394636,2.69320013555,2.41550732451,2.15645596428,1.92457577219,1.70443229174,1.50661329867,1.31639514002,1.14481267814,0.976247609642,0.823797063886,0.671110404904,0.391097456835,0.127626546635,-0.125888054113,-0.374763772996,-0.61803587507,-0.851561182198,-1.07165686078,-1.2748518705,-1.45794170466,-1.6180389272,-1.75261870929,-1.85955864737,-1.93717223474,-1.98423545876,-2.00000610426,-1.98423545876,-1.93717223474,-1.85955864737,-1.75261870929,-1.6180389272,-1.45794170466,-1.2748518705,-1.07165686078,-0.851561182198,-0.61803587507,-0.374763772996,-0.125888054113,0.127626546635,0.391097456835,0.671110404904,0.823797063886,0.976247609642,1.14481614615,1.31641171322,1.50662578256,1.7044612431,1.92461081183,2.15649946566,2.41553424327,2.69314414158,2.85041361194,3.00566284967,3.17563804312,3.34415285918,3.53440500065,3.72476764989,3.93076898184,4.13768005707,4.36712217418,4.59823958614,4.84501890984,5.09169226966,5.35454477799,5.61108766332,5.8683187633,6.11008254278,6.34544181257,6.55796198201,6.75260613974,6.90701771615
15.200000000000001,6.92705059271,6.76082240202,6.55089743427,6.32352241657,6.19875963498,6.07399685339,5.82080717678,5.55574806326,5.29532311744,5.03166750821,4.78698105981,4.54311825993,4.31532851069,4.08973041374,3.88636342299,3.68348924974,3.49646165486,3.3090642712,3.14353140973,2.97613715916,2.82338948708,2.6684992061,2.3949241353,2.13932284431,1.91056753889,1.69286950612,1.49731564207,1.30891691719,1.13904669086,0.971766484888,0.820578936474,0.668785864984,0.390115314215,0.127418861861,-0.125796064583,-0.374763772996,-0.61803587507,-0.851561182198,-1.07165686078,-1.2748518705,-1.45794170466,-1.6180389272,-1.75261870929,-1.85955864737,-1.93717223474,-1.98423545876,-2.00000610426,-1.98423545876,-1.93717223474,-1.85955864737,-1.75261870929,-1.6180389272,-1.45794170466,-1.2748518705,-1.07165686078,-0.851561182198,-0.61803587507,-0.374763772996,-0.125796064583,0.127418861861,0.390115314215,0.66879107124,0.820602272652,0.971788586377,1.13905175836,1.30893754781,1.49733032471,1.69290361976,1.91057150412,2.13944083891,2.39500977645,2.66863632807,2.8235066804,2.97624917284,3.14366855996,3.30921741993,3.49662147666,3.68362378878,3.88649728531,4.08989045633,4.31563925585,4.54336544008,4.78719913771,5.03180189402,5.29539306061,5.55580015567,5.82076056868,6.07397913998,6.19872859249,6.323478045,6.55089983742,6.76091607161,6.92705059271
15.600000000000001,6.93887440671,6.76057514319,6.64789937226,6.53522360134,6.41441824041,6.29361287948,6.16826359554,6.03110243105,5.89974516187,5.7683878927,5.63300553917,5.49762318565,5.23582829875,4.97343586946,4.73145988431,4.49151435628,4.26732616499,4.04481931105,3.84476507916,3.64472696366,3.46051814654,3.27616795611,3.11317077604,2.94850398608,2.79788852322,2.64522255332,2.37531744544,2.1229521546,1.89696761461,1.68171722916,1.48827531162,1.30172063963,1.13348043521,0.967480070411,0.817320107178,0.666478478283,0.38912747837,0.127211045625,-0.125704075054,-0.374763772996,-0.61803587507,-0.851561182198,-1.07165686078,-1.2748518705,-1.45794170466,-1.6180389272,-1.75261870929,-1.85955864737,-1.93717223474,-1.98423545876,-2.00000610426,-1.98423545876,-1.93717223474,-1.85955864737,-1.75261870929,-1.6180389272,-1.45794170466,-1.2748518705,-1.07165686078,-0.851561182198,-0.61803587507,-0.374763772996,-0.125704075054,0.127211045625,0.38912747837,0.666478478283,0.817333456163,0.967494265575,1.13349684137,1.30171355481,1.4883043375,1.68173658937,1.89698974942,2.12299128965,2.37540206756,2.64523539616,2.79794736264,2.94852494214,3.11320846659,3.27632161958,3.4605453149,3.64480628053,3.84486349804,4.0448982187,4.26741076817,4.49159822244,4.73170598734,4.97357809597,5.23584530142,5.49753222493,5.63292509286,5.7683179608,5.89970312458,6.03108828836,6.16829796559,6.29363110888,6.41443259529,6.53523408169,6.64790200913,6.76056993656,6.93887440671
16.0,6.94216681709,6.75014918426,6.63624515294,6.50842930704,6.38787875378,6.25635939578,6.12112079349,5.97945900308,5.84530425308,5.71114950308,5.57727653773,5.43811377447,5.17657134592,4.91626859349,4.67777782185,4.4411103393,4.22033639524,4.00084869935,3.80375077624,3.60705992472,3.42581416861,3.24402621049,3.08355814784,2.92117374046,2.77270157531,2.62215115563,2.35587569708,2.1065457899,1.88333313411,1.67035128519,1.47909686048,1.29434729592,1.12774269411,0.963009049391,0.664395592142,0.388229265825,0.127020072181,-0.12561821816,-0.374763772996,-0.61803587507,-0.851561182198,-1.07165686078,-1.2748518705,-1.45794170466,-1.6180389272,-1.75261870929,-1.85955864737,-1.93717223474,-1.98423545876,-2.00000610426,-1.98423545876,-1.93717223474,-1.85955864737,-1.75261870929,-1.6180389272,-1.45794170466,-1.2748518705,-1.07165686078,-0.851561182198,-0.61803587507,-0.374763772996,-0.12561821816,0.127020072181,0.388229265825,0.664395592142,0.963009049391,1.12775608959,1.29436121312,1.47919544214,1.67045673022,1.88347132343,2.1066570844,2.35602392678,2.62228830103,2.77285835496,2.92131975693,3.08370252785,3.24417770851,3.4259330064,3.60717937291,3.80386654817,4.00097362505,4.22049347688,4.44126561447,4.67799234786,4.91647983083,5.1767261956,5.43822624795,5.57741910004,5.71121126379,5.84536162109,5.97951197839,6.12120807053,6.25640658085,6.38800007061,6.50849045166,6.63622523286,6.75007515986,6.94216681709
16.400000000000002,6.93494924659,6.72920644854,6.60754144501,6.47253048243,6.34584448577,6.20851517113,6.06946110843,5.92479958821,5.79162387157,5.65291215864,5.51830333553,5.37942440421,5.12025327208,4.863624644,4.62856615926,4.39492587346,4.17689977942,3.96057612627,3.76664026572,3.5726458991,3.39420932199,3.21475781126,3.05661253945,2.89661984582,2.60243535068,2.3394105673,2.09287458435,1.87124451549,1.6611405053,1.4718156714,1.28850206532,1.12322648576,0.959594596434,0.662583588958,0.387489649773,0.126882744573,-0.125581422348,-0.374763772996,-0.61803587507,-0.851561182198,-1.07165686078,-1.2748518705,-1.45794170466,-1.6180389272,-1.75261870929,-1.85955864737,-1.93717223474,-1.98423545876,-2.00000610426,-1.98423545876,-1.93717223474,-1.85955864737,-1.75261870929,-1.6180389272,-1.45794170466,-1.2748518705,-1.07165686078,-0.851561182198,-0.61803587507,-0.374763772996,-0.125581422348,0.126882744573,0.387489649773,0.662583588958,0.959594596434,1.12322648576,1.28849636773,1.47181336701,1.66114563009,1.8712802744,2.09289043738,2.3394557448,2.60246740928,2.89669923512,3.05673350733,3.21473993178,3.39420324256,3.57258996769,3.76654692501,3.96046688723,4.17672932312,4.39473123327,4.62836389206,4.86349599736,5.12016010199,5.37932453055,5.5182639237,5.65275976896,5.79146669245,5.92473742884,6.06932502429,6.208482676,6.34588026583,6.47261931039,6.60754866034,6.72926838861,6.93494924659
16.8,6.91866564601,6.70505279663,6.57414949865,6.43645772622,6.30093863979,6.15766823191,6.0170972991,5.87133411763,5.73622974384,5.59818435317,5.46424165476,5.3267614746,5.07079342578,4.81707767386,4.58472931394,4.35432863838,4.13924498078,3.92550351621,3.73453392549,3.54301526811,3.36672524634,3.18981670113,3.0335628533,2.87589932043,2.58494409078,2.32485249416,2.08075040513,1.86133294816,1.65306152602,1.46546337392,1.28354873753,1.11951104765,0.956747489999,0.661129662893,0.386929191624,0.126789689206,-0.125581422348,-0.374763772996,-0.61803587507,-0.851561182198,-1.07165686078,-1.2748518705,-1.45794170466,-1.6180389272,-1.75261870929,-1.85955864737,-1.93717223474,-1.98423545876,-2.00000610426,-1.98423545876,-1.93717223474,-1.85955864737,-1.75261870929,-1.6180389272,-1.45794170466,-1.2748518705,-1.07165686078,-0.851561182198,-0.61803587507,-0.374763772996,-0.125581422348,0.126789689206,0.386929191624,0.661129662893,0.956693459743,1.11945049368,1.28344626557,1.46534560016,1.65293011603,1.86115669617,2.08052753255,2.32461945571,2.58459045906,2.87546715589,3.03323573371,3.18944753859,3.36630135795,3.54252718058,3.73405235574,3.92504167238,4.13877162228,4.35385033964,4.58423590502,4.81651217965,5.07015530581,5.32607927041,5.46369276011,5.59767960839,5.7358967079,5.87109183323,6.01689289943,6.15762442972,6.30095317537,6.43654123552,6.57415639327,6.7051922687,6.91866564601
17.2,6.89502847488,6.78203728694,6.66904609901,6.53276349579,6.38704208422,6.24748228762,6.10262060042,5.96113133619,5.81540876925,5.68107134923,5.54416174371,5.27534294715,5.02250501125,4.77169149103,4.5418599588,4.31362096065,4.10207190794,3.89147140672,3.70276742653,3.51413140567,3.34024220024,3.16539343968,3.01122215752,2.85536155983,2.56759829868,2.3104662936,2.06879630931,1.85152070204,1.64510757302,1.45918165537,1.27854707152,1.1157122305,0.953870291111,0.659659625128,0.386339901874,0.126694368388,-0.125581422348,-0.374763772996,-0.61803587507,-0.851561182198,-1.07165686078,-1.2748518705,-1.45794170466,-1.6180389272,-1.75261870929,-1.85955864737,-1.93717223474,-1.98423545876,-2.00000610426,-1.98423545876,-1.93717223474,-1.85955864737,-1.75261870929,-1.6180389272,-1.45794170466,-1.2748518705,-1.07165686078,-0.851561182198,-0.61803587507,-0.374763772996,-0.125581422348,0.126694368388,0.386339901874,0.659659625128,0.953850670735,1.11568610329,1.27854145647,1.459228724,1.64515910339,1.85153895996,2.06881872123,2.31055745581,2.56776879966,2.85551978601,3.01140529651,3.16557077596,3.34046265104,3.51438580454,3.70310281908,3.89166130675,4.10228959112,4.31386847418,4.5420897086,4.77198061375,5.02278556719,5.27557101756,5.54435271547,5.68124429854,5.8155009302,5.96126160326,6.10263250643,6.24754907967,6.38703521051,6.53270654029,6.66892629493,6.7819773849,6.89502847488
17.6,6.86047681326,6.76471584057,6.62354870286,6.48205068979,6.33380037551,6.19284664398,6.04751104738,5.9064152435,5.76136166924,5.62829403876,5.4929836576,5.22714403282,4.97688623427,4.72927381335,4.50245146097,4.27673566395,4.06806569718,3.85993811386,3.67388912897,3.48734401617,3.31570773401,3.14270541103,2.99044051354,2.83636473314,2.55159072822,2.297075569,2.05760190966,1.84245173167,1.63779795532,1.45346801444,1.27399041292,1.11225493977,0.951247644081,0.65833493985,0.385846876304,0.126614686052,-0.125581422348,-0.374763772996,-0.61803587507,-0.851561182198,-1.07165686078,-1.2748518705,-1.45794170466,-1.6180389272,-1.75261870929,-1.85955864737,-1.93717223474,-1.98423545876,-2.00000610426,-1.98423545876,-1.93717223474,-1.85955864737,-1.75261870929,-1.6180389272,-1.45794170466,-1.2748518705,-1.07165686078,-0.851561182198,-0.61803587507,-0.374763772996,-0.125581422348,0.126614686052,0.385846876304,0.65833493985,0.951247644081,1.11223724975,1.27397767259,1.45344027883,1.63776687174,1.84241129787,2.05756403932,2.29698426752,2.5514987774,2.83627545275,2.99033014406,3.14256501116,3.31559330638,3.48720766438,3.67374555737,3.85969395034,4.06782861497,4.27649414234,4.50219181305,4.72907951805,4.97680319249,5.22704874143,5.49284468259,5.62818387536,5.76116960608,5.90625720932,6.04733275407,6.19261768303,6.33360573425,6.48196294584,6.62345286775,6.76455087341,6.86047681326
18.0,6.82249223616,6.71874936564,6.57364424585,6.42924805667,6.27947232247,6.13861940325,5.9939490301,5.85302177806,5.70953436014,5.44444544677,5.18156178949,4.93420046561,4.68909856856,4.46485938015,4.24156209529,4.03515109876,3.82980129139,3.64627374868,3.46177842829,3.29229105342,3.12111155807,2.97062982058,2.81826505656,2.53633277826,2.28439758877,2.04706494044,1.83392506409,1.63086848592,1.44801976539,1.26968188083,1.10897240551,0.948789489406,0.657076062703,0.38535747014,0.126534382367,-0.125581422348,-0.374763772996,-0.61803587507,-0.851561182198,-1.07165686078,-1.2748518705,-1.45794170466,-1.6180389272,-1.75261870929,-1.85955864737,-1.93717223474,-1.98423545876,-2.00000610426,-1.98423545876,-1.93717223474,-1.85955864737,-1.75261870929,-1.6180389272,-1.45794170466,-1.2748518705,-1.07165686078,-0.851561182198,-0.61803587507,-0.374763772996,-0.125581422348,0.126534382367,0.38535747014,0.657076062703,0.948789489406,1.10896071577,1.26967509574,1.44795806633,1.63088630091,1.83394151386,2.04708571734,2.28441749226,2.5363759373,2.81832144681,2.97066086135,3.12126430362,3.29246220639,3.46189389671,3.64643273353,3.82996678934,4.03516644643,4.2416061112,4.46491980583,4.68916180211,4.93429722953,5.18166401703,5.44455679114,5.70966354679,5.85313288139,5.99406033038,6.13873359242,6.27959130681,6.42934257159,6.57369469358,6.7187834827,6.82249223616
18.400000000000002,6.77476322618,6.66882498481,6.52073203457,6.37536061051,6.22573229823,6.08575037448,5.94235288161,5.80259115614,5.66060514736,5.39835640077,5.13806159883,4.89343260739,4.65076154948,4.42887275102,4.2085764659,4.00472001815,3.80159887691,3.62035088015,3.4377910959,3.26980433847,3.10088093458,2.95191509085,2.80121395848,2.52202726215,2.27242632794,2.03705606847,1.82581508095,1.62430832127,1.44281092224,1.26552648702,1.10583742793,0.946423482222,0.655866906675,0.384887900494,0.126458389194,-0.125581422348,-0.374763772996,-0.61803587507,-0.851561182198,-1.07165686078,-1.2748518705,-1.45794170466,-1.6180389272,-1.75261870929,-1.85955864737,-1.93717223474,-1.98423545876,-2.00000610426,-1.98423545876,-1.93717223474,-1.85955864737,-1.75261870929,-1.6180389272,-1.45794170466,-1.2748518705,-1.07165686078,-0.851561182198,-0.61803587507,-0.374763772996,-0.125581422348,0.126458389194,0.384890899291,0.655866906675,0.946378692244,1.10581427726,1.26554438819,1.44278898816,1.62430684464,1.82581804168,2.03706092836,2.27239472366,2.52198605635,2.8011820254,2.95188934501,3.10083210928,3.2697514325,3.43772994972,3.62030045283,3.80150232222,4.00460575229,4.20840693917,4.42875541314,4.65058345508,4.89322192269,5.1378413495,5.39811294584,5.66034431123,5.80231768749,5.94207519644,6.08546918357,6.22558269417,6.37521517128,6.52059159242,6.66868170296,6.77476322618
18.8,6.722624825,6.61627210128,6.4677990703,6.32264021969,6.17393703814,6.03491469595,5.89301349306,5.75466282715,5.61405974363,5.35448174193,5.09668762212,4.85461872556,4.61423983464,4.39512062818,4.17716799907,3.97578308676,3.7747172263,3.59457162664,3.41380594732,3.24827364944,3.08147314393,2.93399784771,2.78497065785,2.5081943887,2.26089533482,2.02748850215,1.81806046569,1.6180331635,1.43782798526,1.26163084202,1.10210377049,0.944151354153,0.654704187072,0.384461602673,0.126390930206,-0.125581422348,-0.374763772996,-0.61803587507,-0.851561182198,-1.07165686078,-1.2748518705,-1.45794170466,-1.6180389272,-1.75261870929,-1.85955864737,-1.93717223474,-1.98423545876,-2.00000610426,-1.98423545876,-1.93717223474,-1.85955864737,-1.75261870929,-1.6180389272,-1.45794170466,-1.2748518705,-1.07165686078,-0.851561182198,-0.61803587507,-0.374763772996,-0.125581422348,0.126390930206,0.384461602673,0.654704187072,0.944151354153,1.10210377049,1.26163084202,1.43782798526,1.6180331635,1.81805073402,2.02747880875,2.26091360843,2.50822021086,2.78498416277,2.9339940517,3.0814907624,3.24829955559,3.41378061394,3.59451648018,3.77469808102,3.97573095874,4.17710106597,4.395062469,4.614189996,4.85451035219,5.09662240045,5.35440357785,5.61399420764,5.75464024955,5.89307413881,6.03495419347,6.173969242,6.32264560309,6.4677885782,6.6162672452,6.722624825
19.200000000000003,6.66981265864,6.56395620032,6.41620388349,6.27206870182,6.12443995271,5.98663016664,5.84594302789,5.70879497609,5.56973102798,5.3127162626,5.05732651932,4.81770870039,4.57955075397,4.36305353944,4.14739084221,3.94837985658,3.74921895707,3.57124826992,3.3922316658,3.22846951681,3.06321799168,2.91721959324,2.76963347087,2.49521494157,2.25004528572,2.01856831477,1.81081979593,1.61218042338,1.43326414045,1.25793499989,1.09936811023,0.942046489935,0.653639146833,0.384035398785,0.126323471218,-0.125581422348,-0.374763772996,-0.61803587507,-0.851561182198,-1.07165686078,-1.2748518705,-1.45794170466,-1.6180389272,-1.75261870929,-1.85955864737,-1.93717223474,-1.98423545876,-2.00000610426,-1.98423545876,-1.93717223474,-1.85955864737,-1.75261870929,-1.6180389272,-1.45794170466,-1.2748518705,-1.07165686078,-0.851561182198,-0.61803587507,-0.374763772996,-0.125581422348,0.126323471218,0.384038606585,0.653628103311,0.942022270275,1.09933764991,1.25793325479,1.43322979394,1.61216581955,1.8108296607,2.01857177656,2.25009869649,2.49522863433,2.76958646047,2.91718156244,3.0631996496,3.22850314692,3.39223033403,3.57129076602,3.74925784594,3.9484208505,4.14743367799,4.36316304943,4.57970761333,4.81784916625,5.05742380409,5.31281924868,5.56979902781,5.70887566505,5.84601782468,5.98671855049,6.12452174475,6.27213448367,6.41627939264,6.56412388759,6.66981265864
19.6,6.61740935083,6.51229618264,6.36530342657,6.22230118777,6.07627772096,5.93963031653,5.80033407635,5.6643466517,5.52656778603,5.2716530239,5.01887849556,4.7811980302,4.54574064048,4.33167482927,4.11813971164,3.92083571306,3.72418259209,3.54815456121,3.37084114029,3.20865543291,3.04518924313,2.75470693077,2.48262077114,2.23955468196,2.00991106981,1.80382169852,1.60644881896,1.42876338818,1.25440404471,1.09660140237,0.939971491319,0.652559555491,0.38361942424,0.12625601223,-0.125581422348,-0.374763772996,-0.61803587507,-0.851561182198,-1.07165686078,-1.2748518705,-1.45794170466,-1.6180389272,-1.75261870929,-1.85955864737,-1.93717223474,-1.98423545876,-2.00000610426,-1.98423545876,-1.93717223474,-1.85955864737,-1.75261870929,-1.6180389272,-1.45794170466,-1.2748518705,-1.07165686078,-0.851561182198,-0.61803587507,-0.374763772996,-0.125581422348,0.12625601223,0.38361942424,0.652563080975,0.939918497444,1.09659923778,1.25434971519,1.42864073212,1.60639905825,1.80375264018,2.00984745929,2.23951123495,2.48254880986,2.75465925458,3.0451708065,3.20860759778,3.37077097503,3.54799776635,3.72408802102,3.92079917415,4.11815697142,4.33173704169,4.54578052314,4.7812697657,5.01888036337,5.2717061712,5.52666461714,5.66445237673,5.80037945209,5.93970430317,6.07634328056,6.22238916178,6.36533475029,6.51232964574,6.61740935083
20.0,6.57898572848,6.47467808512,6.32872511385,6.18669804696,6.04154708149,5.90583448535,5.76751333869,5.63230955222,5.49552128884,5.24243699592,4.99127683018,4.75553469757,4.52171365348,4.30896273988,4.09740446156,3.90180045299,3.70636076037,3.53182458491,3.35568251127,3.19476306159,3.03238235224,2.74380428559,2.47337038511,2.23194642473,2.0035772602,1.79875373054,1.60232744291,1.42546310283,1.25174644175,1.09459677445,0.938400244575,0.651747951054,0.383317586507,0.126206951147,-0.125581422348,-0.374763772996,-0.61803587507,-0.851561182198,-1.07165686078,-1.2748518705,-1.45794170466,-1.6180389272,-1.75261870929,-1.85955864737,-1.93717223474,-1.98423545876,-2.00000610426,-1.98423545876,-1.93717223474,-1.85955864737,-1.75261870929,-1.6180389272,-1.45794170466,-1.2748518705,-1.07165686078,-0.851561182198,-0.61803587507,-0.374763772996,-0.125581422348,0.126206951147,0.383317586507,0.651746798877,0.938401878147,1.09457317972,1.25174287847,1.42545359776,1.60227664986,1.79868866158,2.00359344189,2.23196371601,2.47335323635,2.74379016153,3.03233107597,3.19472757975,3.35568492021,3.53181973303,3.7063576791,3.90171335389,4.09745486771,4.30896761804,4.52167700656,4.75543162147,4.99115582241,5.24229472687,5.49538820535,5.63219045251,5.76747001228,5.90576156669,6.04150802834,6.18671711041,6.32864690836,6.47469013011,6.57898572848
